is_concert,song_name_clean,stream_cnt_ratio,uniq_users_ratio,Unnamed: 4,Unnamed: 5,Unnamed: 6,scaled_stream_cnt,scaled_uniq_users,sum
True,�R�A,0.15991039,0.258858635,,,,0.5188049226837392,0.3411157981360729,0.8599207208198121
True,�ߦw�ߦw,0.111051846,0.174561731,,,,0.3602904856160521,0.23003000107975932,0.5903204866958114
True,���樽��,0.088542778,0.134029591,,,,0.2872630895696556,0.17661706579214675,0.4638801553618024
True,����,0.073287817,0.102449335,,,,0.23777058820890035,0.13500085282894672,0.3727714410378471
True,�T�Ӧr,0.052325581,0.088897178,,,,0.16976166352174624,0.11714192692844985,0.2869035904501961
True,�@�_�h�Ȧ�,0.037497333,0.060922541,,,,0.12165357040255591,0.08027717032355675,0.20193074072611267
False,�k�H�g�h��,0.02890975,0.052716648,,,,0.0937924068562775,0.06946350907137334,0.16325591592765085
False,�@��,0.028536377,0.04998135,,,,0.09258105248371835,0.0658589548813815,0.15844000736509986
True,�k��,0.029229785,0.048738033,,,,0.09483071384853983,0.0642205215180558,0.15905123536659563
False,IF,0.028856411,0.046997389,,,,0.09361935623162618,0.061926714545841366,0.15554607077746754
True,�G�H,0.021335609,0.041775457,,,,0.06921920842272841,0.0550452936291981,0.12426450205192652
True,�x�b,0.023202475,0.040780803,,,,0.07527598352987866,0.05373454641142067,0.12901052994129933
True,��,0.016961809,0.02971528,,,,0.05502905071261224,0.039152487237575216,0.09418153795018747
True,����,0.015948368,0.02971528,,,,0.051741088844237414,0.039152487237575216,0.09089357608181263
False,������,0.016108385,0.0282233,,,,0.052260240718191325,0.037186367728701215,0.08944660844689253
False,�S�����Y,0.017761895,0.027725973,,,,0.05762481332673634,0.036530994119812504,0.09415580744654885
True,�w�w,0.015788351,0.026606987,,,,0.05122193697028349,0.03505640317036487,0.08627834014064836
True,�q��,0.015148282,0.025612334,,,,0.049145326230113306,0.033745657270379585,0.0828909835004929
True,�@���ǹ�,0.014614892,0.02536367,,,,0.04741481998360024,0.03341796980703916,0.0808327897906394
True,�ڤ��O�ƾǮa,0.014774909,0.024244685,,,,0.04793397185755416,0.03194338017538366,0.07987735203293782
False,�@�M��b,0.012854705,0.02387169,,,,0.04170414937010711,0.03145185029816516,0.07315599966827227
False,�ԩԩԩ�,0.013174739,0.02387169,,,,0.04274245311801495,0.03145185029816516,0.07419430341618011
False,��,0.014668231,0.023623026,,,,0.047587870608251544,0.031124162834824737,0.07871203344307628
True,�ݸ�,0.011894602,0.023250031,,,,0.03858923488202909,0.03063263295760624,0.06922186783963533
False,��P,0.011894602,0.020763397,,,,0.03858923488202909,0.027355766230954818,0.0659450011129839
True,�A�O���|�����,0.012427992,0.020390402,,,,0.040319741128542155,0.026864236353736318,0.06718397748227847
False,�@�ɥ��骺�Y�Ө���,0.012748026,0.019395748,,,,0.04135804487645,0.025553489135958896,0.0669115340124089
True,�����,0.008480905,0.016287455,,,,0.02751399165999095,0.021457405068748547,0.0489713967287395
True,�������H,0.009014295,0.015665796,,,,0.02924449790650402,0.020638187728189625,0.04988268563469364
False,��/���樽��,0.009120973,0.014671143,,,,0.029590599155806627,0.01932744182820434,0.048918040984010966
False,�Ĥ�,0.006934073,0.014049484,,,,0.022495520300748546,0.018508224487645414,0.041003744788393956
False,���,0.007894175,0.013552157,,,,0.02561043154447207,0.017852850878756706,0.04346328242322878
False,�ж�,0.007360785,0.011811513,,,,0.023879925297959,0.01555904390654228,0.03943896920450128
False,����,0.006347344,0.011811513,,,,0.02059196342958417,0.01555904390654228,0.03615100733612645
False,A Todo Color,0.006827395,0.011314186,,,,0.022149419051445934,0.014903670297653571,0.037053089349099504
False,�u�������,0.005013868,0.010319533,,,,0.016265694568947,0.013592924397668283,0.029858618966615284
False,�p��,0.004533817,0.00870322,,,,0.014708238947085235,0.011462959839331936,0.02617119878641717
False,��c,0.004107105,0.007335571,,,,0.01332383394987478,0.009660682744336013,0.022984516694210793
False,�~�P�H�R��,0.004267122,0.007335571,,,,0.0138429858238287,0.009660682744336013,0.023503668568164715
False,The Space That You're in,0.003787071,0.006962576,,,,0.012285530201966939,0.009169152867117513,0.021454683069084452
False,Downtown Cafe,0.003787071,0.006465249,,,,0.012285530201966939,0.008513779258228802,0.02079930946019574
False,�ڭ�,0.000160017,0.000372995,,,,0.0005180812369690704,0.00048545485547832296,0.0010035360924473935
False,�A�ڧA��,0.20765372,0.422161795,,,,0.6737012101925692,0.5563154179277404,1.2300166281203095
False,���өҦb,0.220729389,0.398830056,,,,0.7161233157472989,0.525569035788666,1.2416923515359648
False,�P���T��§���T,0.081849085,0.165382582,,,,0.2655463765665232,0.21793379072589314,0.48348016729241633
False,Ophelia,0.044173987,0.110380945,,,,0.14331500284937054,0.1454530661010952,0.28876806895046575
False,���ۧA,0.050011641,0.094887999,,,,0.16225442187106576,0.1250365837216187,0.28729100559268445
False,Don't cry Don't cry,0.037670865,0.078782385,,,,0.12221656972757118,0.10381273227066479,0.22602930199823595
False,�@�U�Ӥ��^�Y����k,0.025042227,0.070267979,,,,0.0812447912091282,0.09259251501368156,0.17383730622280974
False,�ζ�,0.018641549,0.057015887,,,,0.06047872273968036,0.07512901241003202,0.13560773514971236
False,���å��ͧڷR�A,0.01983448,0.050217791,,,,0.06434901379717879,0.06617053497146158,0.13051954876864036
False,�٬O�n�۫H�R���ڲV�J��,0.016899989,0.049558963,,,,0.05482848471745028,0.06530233661505437,0.12013082133250466
False,���W�g,0.019054715,0.048052471,,,,0.06181917971083996,0.0633170933067241,0.12513627301756405
False,�n�ܦn��,0.018215684,0.046869099,,,,0.05909706571073101,0.061757654992902686,0.1208547207036337
False,�ѯ�,0.026893851,0.045425552,,,,0.08725211586499634,0.059855360110480316,0.14710747597547666
False,i will be fine,0.013274632,0.037192302,,,,0.04306654142203814,0.04900564801887261,0.09207218944091075
False,�J�M���A���˦ۤv���O�h�T���P���֤H,0.012491481,0.029722789,,,,0.040525721951363856,0.03916238253871339,0.07968810449007724
False,�b���T�w���@�ɸ�,0.0072922,0.019676713,,,,0.02365741124460761,0.025923742603036724,0.04958115384764433
False,��q,0.007249021,0.017012027,,,,0.023517323261671694,0.022412240351248214,0.04592956361291991
False,���g��,0.005741137,0.015941956,,,,0.01862521302147763,0.021002109204061047,0.03962732222553868
False,�����g��,0.005622606,0.014288592,,,,0.01824065643829189,0.018823319129348284,0.03706397556764017
False,�t�Ǥ���,0.005596359,0.013986454,,,,0.0181555018657423,0.018425164049406077,0.03658066591514837
False,�p��,0.004787808,0.011779171,,,,0.015532275790779532,0.015516423873327356,0.031048699664106887
False,friDay �W�i�},0.004402582,0.011149718,,,,0.014282466084337262,0.014686935660871918,0.028969401745209178
True,�ڪ�����,0.003682929,0.009651619,,,,0.011947656635675175,0.012712752581926738,0.024660409217601913
False,�L�n�q�v,0.003261297,0.009148056,,,,0.010579732959322415,0.012049161221287106,0.02262889418060952
False,�n,0.003425548,0.009093503,,,,0.011112621430227416,0.011977271706972166,0.023089893137199582
False,�R���R,0.003021695,0.008854311,,,,0.009802379132522092,0.01166206637073,0.02146444550325209
False,���S,0.002393481,0.008321374,,,,0.007764230214944033,0.010959766183930722,0.018723996398874756
False,�I��,0.001906657,0.007310052,,,,0.0061848005800568435,0.009627054006854978,0.01581185458691182
False,�}�l�M��������,0.001644195,0.004443941,,,,0.005333280809396889,0.005850115474369041,0.011183396283765929
False,���k,0.001138745,0.003042358,,,,0.0036934218276011466,0.004003120421080025,0.007696542248681172
False,�S���P�������L�H�q,0.001308075,0.002601741,,,,0.004242788375009343,0.0034224788041404305,0.007665267179149773
False,������,0.000733199,0.002152731,,,,0.002377686837728091,0.0028307769578157383,0.005208463795543829
False,�ھ����~�{,0.000729813,0.002123356,,,,0.0023667014533926265,0.00279206681386396,0.005158768267256586
False,���M��b,0.000629908,0.001930324,,,,0.0020425742171154408,0.002537690762551633,0.004580264979667074
False,�a�����ʦ�,0.000551169,0.001682739,,,,0.0017871169881756549,0.0022114251969243665,0.003998542185100021
False,�¿ߪ��p��,0.00054609,0.001661757,,,,0.0017706389116724586,0.0021837752823576874,0.003954414194030146
True,"Je t'aime,moi non plus",0.000479204,0.001544259,,,,0.001553637016615796,0.002028937342134844,0.00358257435875064
False,´��,0.000444491,0.00148551,,,,0.001441015738873041,0.0019515183720234227,0.003392534110896464
False,���{�@�{�G����,0.001137898,0.001456135,,,,0.0036906738593400308,0.0019128082280716445,0.005603482087411675
False,�ν�,0.00034882,0.00099034,,,,0.0011306250995469348,0.0012989872407688893,0.0024296123403158244
False,�L��,0.00019981,0.000658828,,,,0.0006471838355695214,0.00086212333466704,0.0015093071702365615
False,�ڦb�Q�@���q,0.000228596,0.00054133,,,,0.0007405758241934648,0.0007072853944441971,0.001447861218637662
False,�q���ԻP�T����,0.000187956,0.000432225,,,,0.000608725257331898,0.0005635076836064527,0.0011722329409383507
False,Opening,0.000101598,0.000394457,,,,0.00032854929146006764,0.0005137373102695761,0.0008422866017296438
False,�p�®�i,0.000121918,0.000390261,,,,0.00039447457489085103,0.000508207854473094,0.0009026824293639449
False,�����Z,0.000102445,0.000339905,,,,0.00033129725972118345,0.0004418491137467712,0.0007731463734679546
False,�ּ֤��l,8.81e-05,0.000285352,,,,0.00028475699442519,0.0003699595994318318,0.0006547165938570218
True,��,1.61e-05,7.55e-05,,,,5.116347045784716e-05,9.341828441673336e-05,0.00014458175487458053
True,�ڷR�A,1.44e-05,5.46e-05,,,,4.564806780861824e-05,6.587642880508536e-05,0.0001115244966137036
True,�۵M��,8.47e-06,3.78e-05,,,,2.6409045626307922e-05,4.3737520945004655e-05,7.014656657131257e-05
True,�ѳB�k,3.39e-06,1.26e-05,,,,9.92772476861207e-06,1.0529159154883615e-05,2.0456883923495686e-05
True,�ˤs�j�D,1.69e-06,8.39e-06,,,,4.412322119383141e-06,4.981254268518155e-06,9.393576387901297e-06
False,�����Ż�,0.160405794,0.199788584,,,,0.5204121888802326,0.2632737495420689,0.7836859384223014
False,�ǻ�,0.109299082,0.189217759,,,,0.35460389784600915,0.24934359950159046,0.6039474973475996
False,�B��,0.271279467,0.167019027,,,,0.8801256887590218,0.2200902850754818,1.1002159738345036
False,�ݻŤ��,0.149046248,0.094080338,,,,0.4835577947023279,0.12397225440845319,0.6075300491107811
False,����,0.063006118,0.094080338,,,,0.20441311179526833,0.12397225440845319,0.3283853662037215
False,�R���O�ꪺ,0.0430763,0.077167019,,,,0.13975371709182693,0.10168401566147985,0.24143773275330677
False,�ߦ��L�i,0.037857657,0.05179704,,,,0.12282258919325048,0.06825165688212377,0.19107424607537427
False,�A�O�d��,0.039139824,0.045454545,,,,0.1269823934688704,0.0598935668578367,0.1868759603267071
False,�f�A,0.038105093,0.039112051,,,,0.12362535929320025,0.05153547815134179,0.17516083744454203
True,�л�,0.047035271,0.032769556,,,,0.15259802246925075,0.043177388127054725,0.1957754105963055
True,�C�@�I,0.03234659,0.021141649,,,,0.10494273417449865,0.027854223741424534,0.1327969579159232
True,����,0.116487716,0.354372187,,,,0.3779263749095016,0.46698280570256256,0.8449091806120641
True,�Q�ۥ�,0.086755598,0.275178682,,,,0.2814648440951562,0.3626222277078102,0.6440870718029664
False,���O,0.064419733,0.197352863,,,,0.20899937998114468,0.26006397556636274,0.46906335554750744
False,�j�j����,0.053121233,0.191052678,,,,0.17234304066801934,0.25176164132728757,0.42410468199530693
True,�̤l,0.074953104,0.18553781,,,,0.24317336958038652,0.244494191653924,0.48766756123431054
True,�۵M��,0.056154767,0.175911056,,,,0.1821849003504464,0.23180813095168215,0.41399303130212856
True,��,0.040818227,0.166584311,,,,0.13242772779397263,0.2195174197499281,0.3519451475439007
True,���`�O�@�ӤH�b�m�ߤ@�ӤH,0.034164472,0.124309539,,,,0.1108405878208431,0.16380805771933765,0.27464864554018076
True,�߻�,0.028504777,0.112847437,,,,0.09247853088153267,0.14870338985857295,0.24118192074010564
True,��Z,0.027790133,0.102814789,,,,0.09015997240455882,0.13548244523567876,0.22564241764023757
True,�P�P����,0.024769656,0.08889085,,,,0.08036047425883233,0.11713358793982255,0.1974940621986549
False,�R�����I�v,0.018721737,0.076705197,,,,0.060738881038289984,0.10107543026232757,0.16181431130061755
False,�V�϶V�R,0.012858355,0.05461043,,,,0.04171599126403046,0.07195912009548522,0.11367511135951568
True,Runaway Mama,0.011658869,0.052228007,,,,0.03782443346278751,0.06881958180496515,0.10664401526775266
True,�ߦw,0.009622876,0.044251302,,,,0.031218950412192484,0.05830794269651009,0.08952689310870257
False,�����~,0.012110635,0.043739522,,,,0.039290122517629596,0.05763352303790104,0.09692364555553064
False,�B��,0.009685548,0.042274773,,,,0.03142228059738805,0.05570328832664239,0.08712556892403045
True,�ݨ�����Y����,0.008708898,0.041110033,,,,0.028253681775406034,0.054168403115871525,0.08242208489127756
False,�ڥu�b�G�A,0.012367419,0.040518839,,,,0.040123220843441124,0.053389332312691024,0.09351255315613215
False,�֦�,0.009992819,0.037836407,,,,0.03241917664881818,0.04985444452168317,0.08227362117050135
True,��,0.005842491,0.030830319,,,,0.018954041327424658,0.040621876861467864,0.05957591818889252
False,I Wish You Love,0.005879921,0.029630283,,,,0.01907547751634268,0.03904047885951669,0.05811595637585937
True,��������,0.006583248,0.029012618,,,,0.02135731963344517,0.03822652478074307,0.05958384441418824
False,4���f��,0.005803321,0.028359658,,,,0.018826959961677426,0.037366059228581265,0.056193019190258695
False,�g���]���,0.005547407,0.027724345,,,,0.0179966842242805,0.0365288487542175,0.05452553297849799
False,�˱a�H��,0.005923444,0.026515486,,,,0.01921668155722644,0.03493582387226337,0.05415250542948981
False,Singing In The Rain,0.005193132,0.024441895,,,,0.016847290533953688,0.032203261962234046,0.049050552496187734
True,�Q��,0.0052854,0.024238948,,,,0.01714664063491784,0.031935820001907866,0.04908246063682571
False,�Ӥ���,0.00484495,0.024053649,,,,0.015717664695592614,0.03169163443717185,0.04740929913276447
True,����,0.004827541,0.023577164,,,,0.015661183728110012,0.03106372625195099,0.046724909980061
True,�զ�,0.005580484,0.023541869,,,,0.018103997738061997,0.031017214778562802,0.049121212516624796
True,���}������,0.005575262,0.02265949,,,,0.018087055718865368,0.02985442267268958,0.04794147839155495
False,Everyday,0.004085043,0.019791759,,,,0.013252257000905788,0.026075349316945703,0.03932760631785149
False,�����,0.003628055,0.019553516,,,,0.011769625926867063,0.025761394565439206,0.03753102049230627
False,Syrup,0.003598459,0.018424071,,,,0.011673606011098488,0.024273020828056536,0.035946626839155026
False,�}�����,0.003812591,0.017471102,,,,0.012368326128795364,0.023017205775406935,0.0353855319042023
False,As Time Goes By,0.003545362,0.016641666,,,,0.01150134052023607,0.021924181538512062,0.03342552205874813
False,Mercy  Mercy  Me,0.003662002,0.01653578,,,,0.011879762029063167,0.021784645800555367,0.033664407829618534
True,��H��,0.003833482,0.016218124,,,,0.012436103938645388,0.02136604122226955,0.03380214516091494
False,Untitled,0.002884687,0.016165181,,,,0.009357876611248235,0.0212962733532912,0.030654149964539433
False,�t�Ϻq,0.003094466,0.016015177,,,,0.010038474053808586,0.021098599261943365,0.031137073315751954
False,Yesterday's News,0.003097077,0.014382776,,,,0.010046945063406901,0.018947434063746726,0.02899437912715363
False,Lovely Day,0.00279503,0.013747463,,,,0.009066997519882401,0.01811022358938295,0.02717722110926535
False,�ڭn�ڭ̦b�@�_,0.00400235,0.013676873,,,,0.012983971594274795,0.018017200642606576,0.03100117223688137
False,Waltz for Koop,0.002656627,0.013323921,,,,0.008617969124081677,0.017552083273140433,0.02617005239722211
False,Fly my way,0.002609623,0.01304156,,,,0.008465471485184997,0.0171799901682428,0.0256454616534278
False,��High�H,0.002607882,0.012626842,,,,0.008459823064001287,0.01663347804979536,0.025093301113796644
False,How Deep Is Your Love,0.00250865,0.012070943,,,,0.008137879278302295,0.01590091872000304,0.024038797998305335
False,No Surprises,0.002270146,0.01194741,,,,0.007364087752742474,0.015738127904248316,0.02310221565699079
False,I Can't Make You Love Me,0.002230975,0.01187682,,,,0.007237003142640742,0.015645104957471942,0.022882108100112684
True,�t�@�Ӧۤv,0.002557396,0.011823877,,,,0.008296028582737185,0.015575337088493594,0.023871365671230778
False,�藍�_����,0.002456423,0.009423807,,,,0.007968436375854484,0.012412543720175504,0.02038098009602999
True,ù�K�ڻP���R��,0.001642548,0.008117886,,,,0.005327937357536136,0.010691611298059765,0.0160195486555959
False,Darling,0.0011107,0.006300185,,,,0.003602433905661367,0.008296259217334971,0.011898693122996339
False,���b�A�����d,0.001486736,0.006247243,,,,0.0048224279942528075,0.008226492666148758,0.013048920660401565
False,��A�R����,0.001137684,0.005091326,,,,0.0036899795674771273,0.006703234335380847,0.010393213902857974
False,�d�L���H,0.000963593,0.00426189,,,,0.0031251666482965904,0.005610210098485973,0.008735376746782562
False,Love Fool,0.000779927,0.003873643,,,,0.0025292890347828963,0.005098581255631642,0.007627870290414538
False,STAND BY ME,0.000704198,0.003714815,,,,0.0022835973128867448,0.0048892789664887314,0.007172876279375476
False,�g�H��O,0.000711161,0.003661872,,,,0.0023061877532670866,0.004819511097510384,0.007125698850777471
False,�л�/�C�@�I,0.000695493,0.003238331,,,,0.0022553552069681936,0.00426137209906,0.006516727306028194
False,OH MY LOVE,0.000625857,0.003105974,,,,0.002029431337037778,0.004086953085510197,0.006116384422547975
False,The Hindu Times,0.000511827,0.002885379,,,,0.0016594775934544992,0.0037962547295938573,0.005455732323048357
False,First of the gang to die,0.000510957,0.002682432,,,,0.001656655005039894,0.0035288127692676787,0.005185467774307573
True,�����ͬ�,5.22e-06,1.76e-05,,,,1.5864893502782032e-05,1.7118119827526683e-05,3.298301333030872e-05
False,�ѯu����,0.172665975,0.434604177,,,,0.5601885622728362,0.5727118910621408,1.132900453334977
False,���@�ɽֶ�ť�A,0.07004495,0.163039293,,,,0.2272495780660197,0.21484582291276572,0.4420954009787854
False,���j������,0.032861168,0.16144194,,,,0.10661220762416625,0.21274084369330004,0.3193530513174663
False,�d��,0.040054176,0.10075247,,,,0.12994887549423967,0.13276473747858983,0.26271361297282947
False,����L��,0.02761058,0.090293908,,,,0.08957743882110177,0.11898252673651002,0.2085599655576118
False,�ڤw�g���Q�A,0.029323034,0.073947747,,,,0.09513324666126804,0.09744168434097164,0.19257493100223969
False,���@�ɷ���,0.020723473,0.057522091,,,,0.06723322223679407,0.07579608405969893,0.143029306296493
False,�@�I�I,0.018798077,0.056888615,,,,0.06098655506078536,0.07496129436948629,0.13594784943027166
False,�ڹڨ��A�ڨ���,0.016627582,0.043632822,,,,0.05394469984129233,0.05749291461714684,0.11143761445843917
False,��,0.010748978,0.034518223,,,,0.034872424502840706,0.04548176774556448,0.08035419224840518
False,�ѤW���k�H �a�W���k�H,0.011140812,0.034016411,,,,0.03614367290381598,0.04482048383895241,0.08096415674276838
False,�a�P���a,0.010414161,0.033651231,,,,0.03378615946236607,0.04433925250726524,0.07812541196963131
False,�ձޤ���,0.009579148,0.032327142,,,,0.03107708127863631,0.04259437843764939,0.0736714597162857
False,�ŧѧA,0.01045929,0.030888779,,,,0.0339325739365761,0.04069891498965241,0.0746314889262285
False,Still Open After 10 p.m.,0.004239384,0.017846629,,,,0.013752993918720282,0.023512072302310064,0.037265066221030346
False,"Off, Do Not Disturb.",0.004191823,0.016480309,,,,0.013598689174367354,0.02171154655306093,0.03531023572742828
True,�f���Ϊ�,0.002320744,0.011129301,,,,0.0075282456017105245,0.014660030298861247,0.02218827590057177
False,�ڷR���H,0.003298169,0.010267277,,,,0.010699358798429691,0.013524061851886355,0.024223420650316047
False,�����q,0.001828923,0.006757076,,,,0.005932603927389102,0.008898346583471883,0.014830950510860984
False,�j�H�R�x,0.000999314,0.005045449,,,,0.0032410582353748886,0.006642777985625077,0.009883836220999965
False,�I�v,0.001046064,0.004528731,,,,0.003392731808228684,0.005961851069455722,0.009354582877684406
False,�A�O�ڪ���,0.000255909,0.001045856,,,,0.0008291888786395765,0.0013721457889093798,0.0022013346675489563
False,���}�a�y����,0.000170246,0.000919161,,,,0.0005512677391449308,0.0012051881144252775,0.0017564558535702083
False,�����@�a,0.000126468,0.000583791,,,,0.0004092363878637873,0.0007632401662684165,0.0011724765541322037
False,�m�i,0.146439194,0.305150869,,,,0.47509958732686736,0.40211933999103094,0.8772189273178983
True,���J�ܦ�,0.092455293,0.28095093,,,,0.29995667521444846,0.3702288507207587,0.6701855259352072
True,�����v�k,0.097069323,0.183846388,,,,0.3149262242059907,0.24226524904615535,0.557191473252146
False,�ڤ��t,0.094938232,0.133678756,,,,0.3080122095311978,0.17615473818862942,0.4841669477198272
True,���໡�����K,0.0297611,0.118622371,,,,0.09655448805946634,0.15631355246119483,0.25286804052066114
True,�̪����q�v,0.070256712,0.115391649,,,,0.22793660906355265,0.15205613242074628,0.37999274148429896
True,�L��,0.047222188,0.087412374,,,,0.15320444747924247,0.11518526389593324,0.2683897113751757
False,�C�Ს,0.043716892,0.06741847,,,,0.1418320246294004,0.08883745446621306,0.23066947909561347
True,�Z���^�����w,0.056602991,0.063700091,,,,0.18363909790165112,0.08393740386681671,0.2675765017684678
True,������,0.037758426,0.046814995,,,,0.12250064865190598,0.06168635716725615,0.18418700581916214
False,��,0.027427001,0.038341969,,,,0.08898184346642952,0.05052067014879971,0.13950251361522925
False,�����,0.010173313,0.030417556,,,,0.033004763169859314,0.04007794102664343,0.07308270419650274
True,�v�p��,0.005344564,0.023590369,,,,0.017338589624529006,0.03108112769708744,0.04841971732161644
False,�d�����~ - feat.�O�ɲM,0.008262797,0.022432185,,,,0.026806371988803878,0.029554881931550554,0.05636125392035443
True,�h��,0.007890942,0.020359646,,,,0.025599942546375036,0.026823706338846755,0.05242364888522179
True,���x,0.006694369,0.019445291,,,,0.02171783554978927,0.025618776511679847,0.04733661206146912
True,ť��������,0.005497307,0.019201463,,,,0.017834142063853226,0.025297461891102,0.04313160395495523
False,�w�R,0.004573526,0.015178299,,,,0.014837069019907723,0.01999576801598333,0.03483283703589105
False,���ѫ���,0.005512435,0.014629686,,,,0.017883222658722366,0.019272810119683185,0.037156032778405554
False,�C����,0.005222564,0.012130448,,,,0.01694277837558434,0.015979333940968166,0.03292211231655251
True,�]��,0.006333738,0.011459921,,,,0.020547820742263342,0.015095718734379097,0.035643539476642436
False,���p�B,0.005075676,0.011338007,,,,0.016466221631854967,0.014935061424090177,0.031401283055945146
False,�Ǥf,0.005001501,0.010423651,,,,0.016225571636851108,0.013730130279131133,0.029955701915982243
False,�@���V�_,0.003852751,0.010423651,,,,0.012498619405497149,0.013730130279131133,0.02622874968462828
False,��,0.006009218,0.010362694,,,,0.019494962820070537,0.013649801623986673,0.03314476444405721
True,�զ⭷��,0.004360758,0.010179823,,,,0.01414677420174823,0.01340881565855329,0.02755558986030152
False,�p�B�g�ߥi�բ�,0.003338888,0.009692167,,,,0.010831465669296722,0.012766186417397605,0.02359765208669433
False,First Kiss,0.002939705,0.009570253,,,,0.00953637450710428,0.012605529107108684,0.022141903614212963
False,���H�����\,0.00163382,0.009387382,,,,0.005299620631464094,0.0123645431416753,0.017664163773139396
False,����,0.003378416,0.009326425,,,,0.010959708513954794,0.01228421448653084,0.023243923000485632
False,��C�|,0.002342883,0.008533984,,,,0.007600072365975983,0.011239941969652851,0.018840014335628832
False,���^,0.003610216,0.008351112,,,,0.011711749886949655,0.010998954686427337,0.02271070457337699
True,�N����,0.003249585,0.008290155,,,,0.010541735079423728,0.010918626031282876,0.021460361110706604
False,²��R,0.003083665,0.008046327,,,,0.010003431780858985,0.010597311410705034,0.02060074319156402
False,��ۤp�B�|���p�u,0.004267062,0.007863456,,,,0.013842791162558729,0.010356325445271649,0.024199116607830376
False,���L,0.004590606,0.007863456,,,,0.014892482594759976,0.010356325445271649,0.025248808040031625
True,�������,0.002726938,0.007741542,,,,0.008846082933299285,0.010195668134982728,0.019041751068282015
False,�߫B,0.002906033,0.007619628,,,,0.009427130602395554,0.010035010824693807,0.01946214142708936
False,���P�l,0.001981763,0.007558671,,,,0.006428471069099778,0.009954682169549348,0.016383153238649126
False,�]���ĤC��,0.002810874,0.007558671,,,,0.009118401072573215,0.009954682169549348,0.019073083242122563
False,�}��,0.002867481,0.007436757,,,,0.00930205424772904,0.009794024859260425,0.019096079106989464
False,�P��,0.003174433,0.0073758,,,,0.010297915350073815,0.009713696204115965,0.02001161155418978
False,�H�����W,0.001838292,0.007192929,,,,0.005963000284695352,0.009472710238682583,0.015435710523377935
False,�H������,0.002877241,0.007192929,,,,0.009333719147644613,0.009472710238682583,0.018806429386327195
True,�g����,0.001985179,0.007131972,,,,0.006439553784070229,0.009392381583538122,0.015831935367608352
False,����,0.002675698,0.007131972,,,,0.008679842208742527,0.009392381583538122,0.01807222379228065
False,�|�����q,0.001687988,0.006949101,,,,0.005475360825995526,0.00915139561810474,0.014626756444100266
False,�¦���,0.003922535,0.00676623,,,,0.012725023439893497,0.008910409652671359,0.021635433092564854
False,�^��L�h,0.003249585,0.006583359,,,,0.010541735079423728,0.008669423687237977,0.019211158766661705
False,�¦���q,0.002415106,0.005790917,,,,0.007834389380996724,0.0076251498525678535,0.015459539233564579
True,���I��,0.00177534,0.005669003,,,,0.0057587616802399055,0.007464492542278932,0.013223254222518837
True,������,0.002284811,0.005608046,,,,0.007411666211478323,0.007384163887134472,0.014795830098612794
False,�t��,0.001783148,0.005425175,,,,0.005784093600172364,0.00714317792170109,0.012927271521873455
False,�y��,0.002805018,0.005181347,,,,0.00909940213262387,0.006821863301123248,0.01592126543374712
False,�i�R�k�H,0.00154842,0.005059433,,,,0.0050225527572028295,0.006661205990834327,0.011683758748037155
False,����,0.001204381,0.004998476,,,,0.003906368279533376,0.006580877335689865,0.010487245615223241
False,�R�b�褸�e,0.002491234,0.004876562,,,,0.008081375600338196,0.006420220025400944,0.01450159562573914
False,�b�q�K��,0.002105715,0.004754648,,,,0.006830615298027557,0.006259562715112023,0.01309017801313958
False,Secret-�C��,0.002367283,0.004754648,,,,0.007679234615764916,0.006259562715112023,0.01393879733087694
False,�}���F�f,0.002976793,0.004693691,,,,0.009656701126783459,0.006179234059967562,0.01583593518675102
False,�F���},0.002210635,0.004571777,,,,0.007171012972119967,0.006018576749678641,0.013189589721798609
False,�k�ħO���ڭ��_,0.002736698,0.004571777,,,,0.008877747833214858,0.006018576749678641,0.0148963245828935
False,�������,0.002254555,0.004571777,,,,0.007313505021740047,0.006018576749678641,0.013332081771418688
False,�̫᪺�ԧ�,0.002146707,0.00451082,,,,0.006963607877672963,0.005938248094534179,0.012901855972207141
False,Ride With Me,0.002266267,0.00451082,,,,0.007351502901638734,0.005938248094534179,0.013289750996172914
False,���ҥ�,0.001945652,0.00451082,,,,0.006311314183766656,0.005938248094534179,0.012249562278300836
False,���ڦ^�ӤF,0.001691892,0.004266992,,,,0.005488026785961755,0.005616933473956337,0.011104960259918091
False,��Ԥ���,0.001762164,0.004206035,,,,0.005716014065353881,0.005536604818811877,0.011252618884165759
False,�W���@�E�|�T,0.001462045,0.004206035,,,,0.004742321637304507,0.005536604818811877,0.010278926456116385
False,�o������,0.001815844,0.004206035,,,,0.005890171014889534,0.005536604818811877,0.01142677583370141
False,�_�F����,0.002240403,0.004084121,,,,0.007267590916862466,0.005375947508522955,0.01264353842538542
False,�^��,0.002351179,0.004023164,,,,0.007626987530904221,0.005295618853378495,0.012922606384282716
False,�~�C,0.001309789,0.003962207,,,,0.0042483491986215665,0.005215290198234034,0.0094636393968556
False,The Swan,0.001844148,0.00390125,,,,0.005981999224644696,0.005134961543089574,0.01111696076773427
False,�p�B�g�ߥi�բ�,0.00258981,0.003840293,,,,0.008401191089485484,0.005054632887945113,0.013455823977430597
False,�pť�o��,0.001559156,0.003779336,,,,0.0050573841471099595,0.004974304232800653,0.010031688379910612
False,�Ʋ�,0.001607468,0.003779336,,,,0.005214125401692047,0.004974304232800653,0.0101884296344927
False,�R���a�V,0.001415197,0.003535507,,,,0.004590330117709756,0.004652988294430675,0.009243318412140432
False,�����P���_,0.001539148,0.003535507,,,,0.004992471102283035,0.004652988294430675,0.00964545939671371
False,Flash Back,0.001673348,0.00347455,,,,0.005427863476122166,0.004572659639286215,0.010000523115408382
False,Secret-�[���֪�,0.002858697,0.003413593,,,,0.009273555837805023,0.004492330984141754,0.013765886821946776
False,Angel,0.002002259,0.003352636,,,,0.006494967358922481,0.004412002328997294,0.010906969687919776
False,�˸�,0.001341509,0.003291679,,,,0.004351260123347179,0.004331673673852832,0.008682933797200011
False,�P���@�R,0.001652852,0.003230722,,,,0.0053613671862994625,0.004251345018708372,0.009612712205007834
False,�T�~�G�Z,0.000926222,0.003047851,,,,0.003003921876294041,0.00401035905327499,0.007014280929569031
False,�ûR�K��,0.000856926,0.002986894,,,,0.002779101086893472,0.00393003039813053,0.006709131485024002
False,�N�x,0.000941838,0.002925937,,,,0.003054585716158958,0.0038497017429860686,0.006904287459145026
False,�Ϥ�V����,0.001006254,0.002925937,,,,0.0032635740556017406,0.0038497017429860686,0.007113275798587809
False,�Ŧ⭷��,0.000906702,0.00286498,,,,0.0029405920764628947,0.003769373087841608,0.006709965164304502
False,Ending,0.002017387,0.00286498,,,,0.0065440479537916185,0.003769373087841608,0.010313421041633226
False,�s����,0.001789004,0.002804023,,,,0.005803092540121708,0.0036890444326971475,0.009492136972818855
False,�ݷݪw����,0.001438133,0.002743066,,,,0.004664742632511353,0.003608715777552687,0.00827345841006404
False,�藍�_,0.000817886,0.002682109,,,,0.002652441487231179,0.003528387122408226,0.006180828609639405
False,�ڪ��a�L,0.00088523,0.002621152,,,,0.0028709292966486335,0.0034480584672637654,0.0063189877639123985
False,���,0.000805198,0.002621152,,,,0.0026112771173409342,0.0034480584672637654,0.0060593355846047
False,�Q�l,0.000570471,0.002194453,,,,0.0018497395187259,0.0028857578812525406,0.004735497399978441
False,�m�@,0.000736878,0.002194453,,,,0.002389622817931922,0.0028857578812525406,0.005275380699184463
True,���޿},0.001251229,0.002011582,,,,0.0040583597991281275,0.002644771915819159,0.0067031317149472865
False,���M,0.00070223,0.002011582,,,,0.0022772124232316375,0.002644771915819159,0.004921984339050797
False,�f��,0.000747126,0.001889668,,,,0.002422870962843274,0.002484114605530238,0.004906985568373512
False,���x [�N�ۿ��^�t����],0.000573887,0.001889668,,,,0.0018608222336963507,0.002484114605530238,0.004344936839226588
False,�@���W���A/�����`�n�b�B��,0.000449447,0.001889668,,,,0.0014570947597727932,0.002484114605530238,0.003941209365303031
False,�@���W���A,0.000449447,0.001889668,,,,0.0014570947597727932,0.002484114605530238,0.003941209365303031
False,�����`�n�b�B��,0.000449447,0.001889668,,,,0.0014570947597727932,0.002484114605530238,0.003941209365303031
False,�A���s�ܳ������M��,0.000918414,0.001828711,,,,0.0029785899563615826,0.0024037859503857773,0.0053823759067473595
False,�·G�j��,0.000901822,0.001828711,,,,0.002924759626505108,0.0024037859503857773,0.005328545576890885
False,�P��/�^��L�h/�̫᪺�ԧ�/�R�ڧO��,0.000647575,0.001828711,,,,0.0020998922280589275,0.0024037859503857773,0.004503678178444705
False,�R�ڧO��,0.000647575,0.001828711,,,,0.0020998922280589275,0.0024037859503857773,0.004503678178444705
False,�˱a,0.000914998,0.001706797,,,,0.0029675072413911318,0.0022431286400968558,0.0052106358814879876
False,����,0.00074859,0.001584883,,,,0.00242762069783061,0.0020824713298079347,0.0045100920276385445
False,�x�~����,0.000637327,0.001584883,,,,0.002066644083147576,0.0020824713298079347,0.00414911541295551
False,�s��,0.000960382,0.001523926,,,,0.0031147490259985466,0.002002142674663474,0.005116891700662021
False,�Ԫ�,0.001021382,0.001523926,,,,0.003312654650470879,0.002002142674663474,0.005314797325134353
False,�����D�q,0.000626591,0.001523926,,,,0.0020318126932404455,0.002002142674663474,0.00403395536790392
False,��ۤv,0.00099503,0.001462969,,,,0.0032271594206988315,0.0019218140195190131,0.005148973440217844
False,�촵�Z��,0.000596823,0.001462969,,,,0.0019352347484979475,0.0019218140195190131,0.003857048768016961
False,�b�~�H,0.00090475,0.001402012,,,,0.0029342590964797797,0.0018414853643745526,0.004775744460854332
False,�L�a�w�Ѵ���,0.000570959,0.001280098,,,,0.0018513227637216786,0.0016808280540856313,0.00353215081780731
False,�����o��h,0.000511911,0.001158183,,,,0.0016597501192324611,0.0015201694260045754,0.0031799195452370367
False,�P�@�ؽս�,0.000495807,0.001097226,,,,0.0016075030343717656,0.0014398407708601148,0.0030473438052318804
False,�������p�K�K,0.000685638,0.000975312,,,,0.0022233820933751634,0.0012791834605711935,0.0035025655539463567
False,���/���ڦ^�ӤF,0.000342575,0.000975312,,,,0.0011103641056972673,0.0012791834605711935,0.0023895475662684606
False,���M/���I��/�s��,0.000290847,0.000853398,,,,0.0009425401361447296,0.0011185261502822722,0.0020610662864270018
False,����,0.000493855,0.000731484,,,,0.0016011700543886508,0.0009578688399933509,0.0025590388943820016
False,������ [OS��],0.000347943,0.00060957,,,,0.0011277798006508325,0.0007972115297044296,0.001924991330355262
False,�C���� [OS��],0.000105408,0.000426699,,,,0.00034091028210333954,0.0005562255642710477,0.0008971358463743872
False,���F�A��,0.078296094,0.155186866,,,,0.25401921422882523,0.20449795637520563,0.45851717060403085
False,�Ѧa�@��,0.047499738,0.105572738,,,,0.1541049180705916,0.1391168487353098,0.2932217668059014
True,���n�����֩O,0.044893365,0.097132699,,,,0.14564892010054525,0.12799463172599507,0.2736435518265403
False,���ڤ@���q���ɶ�,0.029259161,0.065251322,,,,0.0949260200063185,0.08598160387745366,0.18090762388377216
True,�_��,0.025079281,0.058704512,,,,0.08136500752075439,0.07735426915320039,0.15871927667395477
False,�W�H���|��,0.024470051,0.054629014,,,,0.07938844942899571,0.07198360994451329,0.151372059373509
True,�B�U�@���,0.017732213,0.040841691,,,,0.05752851439648081,0.053814784138907855,0.11134329853538866
False,�Ϫ���N,0.01381055,0.034135908,,,,0.04480524939672607,0.04497795604565217,0.08978320544237824
False,�n�[����,0.012281424,0.030999798,,,,0.03984422257825264,0.04084521495463564,0.08068943753288828
False,�۾ɦۺt,0.011002445,0.023802642,,,,0.035694761304777244,0.03136085938686023,0.06705562069163748
True,��ɥN,0.009529804,0.023065584,,,,0.030916991850210695,0.03038957015176884,0.06130656200197954
False,�ڸ��\�D�����s�H,0.009985717,0.022848802,,,,0.0323961352431624,0.030103896537261463,0.06250003178042386
True,�R�������O,0.010441631,0.0221551,,,,0.033875281880468615,0.029189741497954693,0.0630650233784233
False,���F��,0.008831812,0.020305229,,,,0.028652458364363285,0.026751996044262115,0.0554044544086254
False,�@�ɥ���,0.006685387,0.015521577,,,,0.021688694757674345,0.020448137064340045,0.04213683182201439
True,�K�O�оǿ��v�a,0.0061044,0.015333699,,,,0.019803766970046367,0.020200552913689076,0.04000431988373544
True,�s���M�h,0.005648487,0.012703414,,,,0.01832462357709465,0.016734384029120485,0.03505900760621514
False,���,0.005265196,0.012226494,,,,0.017081091696609003,0.0161059026043211,0.0331869943009301
True,�ɥ���,0.00467614,0.011157037,,,,0.015169985212524181,0.014696580581504533,0.029866565794028715
True,�]�N����,0.004313023,0.011026968,,,,0.013991904939712382,0.01452517667635853,0.028517081616070913
True,�H���ũj,0.004280746,0.010896899,,,,0.013887186909530521,0.014353772771212529,0.028240959680743048
True,�D�R,0.003510131,0.008685724,,,,0.011387038666862552,0.011439903748146225,0.022826942415008777
False,��J����,0.002848451,0.007558459,,,,0.009240314181602672,0.009954402797616828,0.019194716979219498
False,�y���֤H,0.002674962,0.007081539,,,,0.00867745436383086,0.009325921372817441,0.0180033757366483
False,�P�j�L,0.002408676,0.005751944,,,,0.00781352818156464,0.00757379153970887,0.01538731972127351
False,�d�����~,0.002154494,0.005347284,,,,0.006988871666160931,0.007040533774550522,0.014029405440711452
False,�d�s�U��,0.002134321,0.00531838,,,,0.0069234233028415805,0.007002444310694107,0.013925867613535687
False,�����N,0.126943813,0.596145528,,,,0.41184966025914543,0.7855898128110667,1.197439473070212
False,�̯�,0.064171966,0.375353828,,,,0.20819553599985552,0.4946322471818656,0.7028277831817211
False,���Ыȴ�,0.048544431,0.331917107,,,,0.15749427250578624,0.43739167789835176,0.5948859504041379
False,�j����,0.051554205,0.325056804,,,,0.16725904632530408,0.4283512245644687,0.5956102708897728
False,�R�A�S�t,0.055908634,0.32252457,,,,0.18138635764440955,0.42501426651648283,0.6064006241608924
False,�������Y�h,0.034226487,0.249478497,,,,0.11104178646513246,0.32875472605887995,0.4397965125240124
False,�Q�J�R�R,0.025332214,0.155178078,,,,0.08218561183738816,0.20448637561792737,0.2866719874553155
False,��y,0.018880633,0.147638862,,,,0.06125439599084992,0.19455125607261511,0.25580565206346506
False,���̳��O�A,0.018232054,0.132976539,,,,0.0591501757938886,0.17522936214929713,0.23437953794318572
False,����j���j���^,0.014048163,0.129209669,,,,0.04557615020242679,0.17026541049150534,0.21584156069393212
False,Mine Mine,0.012988697,0.11706863,,,,0.04213886691821034,0.15426604479230022,0.19640491171051055
False,�ڷQ�Ұ�,0.016916194,0.11639793,,,,0.05488105948211543,0.15338220160767185,0.20826326108978727
False,�|�u�C��,0.010845537,0.100030113,,,,0.03518569612896241,0.13181282110566817,0.16699851723463058
False,���D�f,0.008542676,0.077218101,,,,0.027714398681782434,0.10175133111929584,0.12946572980107826
False,�A�n��,0.006903482,0.065703961,,,,0.02239627225225292,0.08657808799143456,0.10897436024368748
False,����Ȥ�,0.005860273,0.059872978,,,,0.019011732439135592,0.0788940644574645,0.09790579689660009
False,�@�ɥ�����,0.004316709,0.041476635,,,,0.01400386363039771,0.054651508347973984,0.0686553719783717
False,���˿N�׺�,0.002465643,0.027167456,,,,0.007998349324340301,0.03579498481021199,0.04379333413455229
False,�W�]�k��,0.002867605,0.022636809,,,,0.009302456547686983,0.029824533829286338,0.03912699037697332
False,��ĸ�,0.002122971,0.022102987,,,,0.006886599879271729,0.029121067396448003,0.03600766727571973
False,�g�,0.001526244,0.01569438,,,,0.004950605951820888,0.020675855498562993,0.02562646145038388
False,�ּv��,0.001216193,0.013920447,,,,0.0039446905948820185,0.018338180543982247,0.022282871138864267
False,�^��,0.001182297,0.013055381,,,,0.003834719954765392,0.01719820337333412,0.02103292332809951
False,���n�����֩O/�^�O/�C�Ს,0.001312035,0.010539571,,,,0.004255636018827547,0.013882888743365688,0.018138524762193235
False,�^�O,0.001312035,0.010539571,,,,0.004255636018827547,0.013882888743365688,0.018138524762193235
False,�@�ɥ��� [live��],0.000656124,0.006318268,,,,0.00212762821467555,0.008320088852503653,0.010447717067179202
True,�A�O�ڪ�OK�^,0.000576751,0.005549016,,,,0.0018701140649830517,0.007306374617433249,0.0091764886824163
True,�Q�A�N�g�H,0.000481334,0.005349175,,,,0.00156054749169983,0.007043025719476916,0.008603573211176746
False,���ڦ^�ӤF/�ߨƽ֤H��,0.000437664,0.004445783,,,,0.0014188665307046375,0.005852542847480843,0.007271409378185481
False,�ߨƽ֤H��,0.000437664,0.004445783,,,,0.0014188665307046375,0.005852542847480843,0.007271409378185481
False,�⤰��k�H,0.052828914,0.412992686,,,,0.17139465420506642,0.5442324382069049,0.7156270924119713
False,ť���U�B���n��,0.047197403,0.373124283,,,,0.1531240361529712,0.491694170317288,0.6448182064702592
False,ť��������,0.039904401,0.312365791,,,,0.12946295229907012,0.4116271074538684,0.5410900597529384
False,��g���q�e,0.032628208,0.267670681,,,,0.1058564027999519,0.35272824304397726,0.45858464584392916
False,�^��,0.008751262,0.119941733,,,,0.02839112560942482,0.15805219732739076,0.1864433229368156
False,���F,0.008468065,0.083094028,,,,0.027472334148216773,0.10949458150296014,0.1369669156511769
False,�ѲP�L��,0.005658167,0.053489587,,,,0.018356028928650264,0.07048208200604376,0.08883811093469403
False,�c�l�S�j��,0.004088472,0.043650285,,,,0.013263381892484731,0.0575159272211921,0.07077930911367683
False,���H��,0.003546923,0.033229278,,,,0.011506404957609863,0.04378320616272449,0.055289611120334356
False,�ڭn�L��,0.003137125,0.030633241,,,,0.010176874972404737,0.04036216902317923,0.05053904399558397
False,�����s,0.002444753,0.028622113,,,,0.007930574758844778,0.037711920363248976,0.04564249512209376
False,�@�f������,0.002385499,0.025570968,,,,0.007738333777328655,0.03369114548094267,0.041429479258271326
False,�ѷR,0.001670658,0.020750671,,,,0.005419136162518386,0.027338996008250804,0.032758132170769186
False,�i��,0.000971042,0.012851987,,,,0.0031493338449637117,0.016930172359923806,0.020079506204887517
False,����,0.00120653,0.011076426,,,,0.003913340397352901,0.014590352039748048,0.018503692437100948
False,�A��q�e�ּ�,0.000720556,0.006395546,,,,0.0023366684637903252,0.008421925193075755,0.010758593656866081
True,�ѥx,0.000338093,0.004299487,,,,0.0010958229088303,0.005659755129367845,0.006755578038198145
False,�ѥx�����,0.000375785,0.003922901,,,,0.0012181091186272042,0.0051634930605942535,0.006381602179221457
True,���[�R,0.000253711,0.003818739,,,,0.0008220577874495734,0.005026229196277483,0.005848286983727057
True,�֪��C�R,0.000214039,0.00299025,,,,0.0006933477557435675,0.003934452908534007,0.004627800664277575
False,������,0.000163217,0.002780324,,,,0.000528463171367619,0.0036578140769009536,0.004186277248268573
False,���N�],0.00025224,0.002331626,,,,0.0008172853419807406,0.0030665233817222344,0.003883808723702975
False,�j���P,0.000125922,0.001539995,,,,0.00040746497030703493,0.002023318276473214,0.002430783246780249
False,���J�R,7.01e-05,0.001088092,,,,0.00022635861343335426,0.0014278040575033304,0.0016541626709366847
False,�O�֨k��,5.41e-05,0.00108008,,,,0.00017444894144061143,0.0014172459069214873,0.0015916948483620987
False,���l�I,5.08e-05,0.0010288,,,,0.0001637425715921082,0.00134966952626286,0.0015134120978549683
False,����,5.25e-05,0.000987135,,,,0.00016925797424133715,0.0012947637169777254,0.0014640216912190627
False,�γ��W���@��,6.01e-05,0.000963098,,,,0.00019391506843788997,0.001263087947440061,0.001457003015877951
False,���H��]��,5.54e-05,0.000902203,,,,0.00017866660229002177,0.001182840995407941,0.0013615075976979628
False,�s������,5.03e-05,0.000898998,,,,0.000162120394342335,0.001178617471616777,0.001340737865959112
False,���,5.31e-05,0.000876563,,,,0.000171204586941065,0.0011490528050786275,0.0013202573920196926
False,�}�]��,5.18e-05,0.000844513,,,,0.00016698692609165463,0.0011068175671669854,0.00127380449325864
False,�S�̪��w��,8.56e-05,0.000782016,,,,0.0002766461081763239,0.0010244595121353508,0.0013011056203116747
False,�ˬ�R,3.75e-05,0.000741954,,,,0.0001205926567481407,0.0009716661236418656,0.0010922587803900063
False,���������~,4.13e-05,0.000741954,,,,0.00013292120384641713,0.0009716661236418656,0.0011045873274882828
False,���ު��ͱ�,4.22e-05,0.000740351,,,,0.00013584112289600892,0.0009695537028502161,0.001105394825746225
False,������,4.67e-05,0.000732339,,,,0.00015044071814396785,0.000958995552268373,0.0011094362704123408
False,Goodbye,4.06e-05,0.000722724,,,,0.00013065015569673464,0.0009463249808948802,0.0010769751365916147
False,Strike,3.59e-05,0.000719519,,,,0.00011540168954886643,0.0009421014571037159,0.0010575031466525822
False,�d�@���ǹ�,3.69e-05,0.000703494,,,,0.00011864604404841287,0.0009209838381478951,0.001039629882196308
False,����X�Y,3.67e-05,0.000701892,,,,0.00011799717314850357,0.0009188727351483802,0.0010368699082968836
False,�^�����q,3.58e-05,0.000697084,,,,0.0001150772540989118,0.0009125367905655666,0.0010276140446644783
False,�L�U,5.28e-05,0.000657022,,,,0.00017023128059120106,0.0008597434020720814,0.0010299746826632826
False,��l,3.34e-05,0.000634587,,,,0.00010729080330000035,0.0008301787355339319,0.0009374695388339322
False,�`�R�l�v,3.38e-05,0.000629779,,,,0.00010858854509981893,0.0008238427909511184,0.0009324313360509374
False,�¤֪�����,3.27e-05,0.000628177,,,,0.00010501975515031787,0.0008217316879516035,0.0009267514431019213
False,�i�ծ�y,0.175685127,0.671359038,,,,0.5699837616488508,0.8847055846993558,1.4546893463482067
False,����,0.096838979,0.584895395,,,,0.3141789066131472,0.7707644760312659,1.084943382644413
False,�R���o��,0.040898469,0.317428942,,,,0.13268806128772526,0.418299288017599,0.5509873493053243
False,����G��,0.007481133,0.073451658,,,,0.024270376873270418,0.09678794215874549,0.12105831903201592
False,�����N��,0.007062251,0.063184429,,,,0.022911375171791412,0.08325786853914141,0.10616924371093282
False,�e�@���H,0.005056369,0.054479047,,,,0.01640358287953222,0.07178598461147445,0.08818956749100668
False,Now You See Me,0.004034436,0.042872725,,,,0.01308806995274724,0.05649126476906804,0.06957933472181528
False,�g�ը�B�N�O,0.003583153,0.036497313,,,,0.01162394792112843,0.048089796981088714,0.05971374490221715
False,�m�i/�y��,0.000504283,0.005270597,,,,0.001635002183109921,0.006939476249129926,0.008574478432239846
False,����/����Ȥ�/�j����,0.00020519,0.002930385,,,,0.0006646384627770813,0.003855563282400452,0.004520201745177533
False,�p���B,0.308228053,0.758849631,,,,1.0,0.9999999999999999,2.0
False,�l�i���y,0.134240826,0.394607512,,,,0.43552375721894426,0.520004600517765,0.9555283577367093
True,���K���|,0.045910835,0.167426214,,,,0.14894995347319875,0.2206268729013641,0.36957682637456285
True,�A�N���n�Q�_��,0.045363229,0.16631091,,,,0.14717332548312015,0.21915713406255583,0.366330459545676
True,�R�۷R�۴N�û�,0.044656189,0.164848856,,,,0.14487943707776085,0.2172304508010997,0.36210988787886056
True,�I��I��N�n,0.037123746,0.14608833,,,,0.12044152173813386,0.19250797719868018,0.312949498936814
True,�٬O�n����,0.030117418,0.116500497,,,,0.09771050996603572,0.15351736359353405,0.25122787355956977
True,�]�������Ѩ�,0.02760517,0.099988592,,,,0.0895598868632592,0.1317581050584504,0.2213179919217096
False,�H���Ϥ�,0.024400121,0.096277916,,,,0.07916157171884244,0.1268682054118663,0.20602977713070875
False,�ݲH,0.03182162,0.094898422,,,,0.10323954539287175,0.12505031906903688,0.22828986446190863
False,��`,0.024042303,0.087886866,,,,0.07800068328052373,0.11581054572142999,0.19381122900195372
False,�F���Q,0.029392111,0.084755609,,,,0.0953573569370332,0.11168419987564232,0.20704155681267553
True,�ڷQ�ڤ��|�R�A,0.018675437,0.07710159,,,,0.06058866742496099,0.10159779383990977,0.16218646126487077
True,�A�Ӳs�g,0.014788465,0.065917026,,,,0.04797795232715001,0.0868588633725779,0.1348368156997279
True,���p,0.014497402,0.064903796,,,,0.04703364077344853,0.08552363684810947,0.132557277621558
True,My Love,0.010840648,0.053612655,,,,0.03516983447981413,0.07064426004845593,0.10581409452827006
False,�W���䨭,0.01615728,0.048270303,,,,0.052418873431446654,0.06360415060297273,0.11602302403441939
False,�L��,0.011866957,0.047339632,,,,0.03849954470188912,0.06237771967933884,0.10087726438122796
False,���鳣���D,0.010842125,0.041378834,,,,0.03517462639140996,0.05452262695942496,0.08969725335083492
False,����A����,0.009511188,0.037621625,,,,0.03085659494684714,0.04957140649144484,0.08042800143829199
False,LOVE!,0.007652254,0.036392239,,,,0.0248255540595873,0.04795133129034525,0.07277688534993254
True,�ЧA���ڦn�@�I������,0.006826479,0.036242131,,,,0.02214644722272435,0.047753520148615426,0.06989996737133977
False,��������,0.0080732,0.033876425,,,,0.026191252108753373,0.04463601138920828,0.07082726349796165
False,�o�ӤH�w�g�P�ڵL��,0.007107199,0.030146235,,,,0.02305720241783702,0.039720396346911,0.06277759876474802
False,�C�R,0.007190206,0.029491764,,,,0.023326506551780875,0.03885793961083392,0.062184446162614794
True,�٬�,0.006377863,0.028774246,,,,0.02069097788455583,0.03791240003405122,0.05860337791860705
True,�f�U���ū�,0.004870165,0.025790095,,,,0.01579947109429868,0.03397990931800552,0.0497793804123042
True,To Hebe,0.004826378,0.024914964,,,,0.01565741054382704,0.03282666856952336,0.0484840791133504
True,���@��,0.004684406,0.024269498,,,,0.015196803046817434,0.03197607855161772,0.047172881598435155
True,�ר��j��,0.005293798,0.023056624,,,,0.01717388672400503,0.030377762734243467,0.047551649458248496
True,�L�`,0.004537196,0.021388921,,,,0.014719201620939204,0.028180076838113695,0.0428992784590529
True,�W�ź��R,0.003221302,0.019228864,,,,0.010449975001113056,0.02533357071338022,0.03578354571449328
False,�}��,0.005715148,0.019005203,,,,0.018540895492388916,0.025038832006779414,0.04357972749916833
True,�A�ּ֥����ڧּ�,0.003098671,0.016003038,,,,0.010052116564479177,0.021082602583222327,0.031134719147701502
False,���l,0.003602088,0.014404386,,,,0.011685379773577342,0.01897591155177389,0.030661291325351232
True,�L�ƥͫD,0.002525545,0.011718949,,,,0.008192692647572133,0.015437063795401775,0.02362975644297391
False,�p,0.002498816,0.01160937,,,,0.008105974296153756,0.015292661451092265,0.023398635747246023
False,LOVE?,0.00199728,0.009122077,,,,0.00647881371786924,0.012014926299424187,0.018493740017293425
True,�Q�U�^��,0.001788821,0.008905921,,,,0.00580249882324829,0.011730077622793022,0.017532576446041313
True,�ڹ藍�_��,0.001803327,0.008394052,,,,0.005849561429618711,0.011055540680683996,0.016905102110302706
True,�Q����,0.001550141,0.008003771,,,,0.005028136291296549,0.010541231448628032,0.01556936773992458
True,���q,0.001535501,0.00787768,,,,0.004980638941423189,0.010375069720593185,0.015355708662016375
False,Love !,0.001614076,0.00741985,,,,0.00523556409622505,0.009771744947641952,0.015007309043867002
False,�}�����s,0.001338728,0.007091113,,,,0.00434223757348394,0.009338537914713417,0.013680775488197357
True,�n������,0.001341683,0.007044579,,,,0.0043518246410300995,0.009277215775525262,0.013629040416555362
False,�v�l���v�l,0.001500713,0.006871955,,,,0.004867774337092968,0.009049733226094396,0.013917507563187364
False,�R�],0.001293732,0.006550723,,,,0.004196254598422349,0.008626416223135501,0.01282267082155785
False,���p��,0.00141005,0.006453153,,,,0.00457363142510059,0.008497839244569544,0.013071470669670134
False,�R��,0.001361024,0.00599232,,,,0.004414573701405827,0.00789055714183832,0.012305130843244147
False,�S���޲z�������J,0.000929601,0.004362145,,,,0.003014884550148008,0.005742325348933139,0.008757209899081147
False,You��re Beautiful,0.000697772,0.003096733,,,,0.0022627490908726598,0.004074775368395018,0.0063375244592676775
False,���q,0.000715367,0.002865566,,,,0.0023198335082921786,0.003770145314032442,0.006089978822324621
False,�N�R,0.000340223,0.001856839,,,,0.0011027333839143342,0.002440852807545798,0.003543586191460132
False,Come Together,0.000364937,0.001756266,,,,0.0011829143610161245,0.0023083184991998518,0.003491232860215976
False,���ۧA�^��,0.000292272,0.001507087,,,,0.0009471633413065831,0.0019799523729101464,0.0029271157142167297
True,�ŬX,0.032673888,0.034920635,,,,0.10600460491349117,0.0460120631140044,0.15201666802749558
True,�ƨg�@��,0.012980038,0.031746032,,,,0.04211077405259876,0.04182859625035346,0.08393937030295223
True,���\,0.010831618,0.031746032,,,,0.03514053795868322,0.04182859625035346,0.07696913420903669
False,�ͩR���@�ص���,0.00930982,0.028571429,,,,0.030203285769982473,0.037645129386702524,0.067848415156685
True,�ө��P�K�b,0.021394683,0.025396825,,,,0.06941086542043462,0.03346166120525946,0.10287252662569407
False,�¯u,0.016381703,0.025396825,,,,0.05314698120129836,0.03346166120525946,0.08660864240655783
True,�ӧڪ��D,0.02721332,0.025396825,,,,0.08828858655261194,0.03346166120525946,0.12175024775787141
True,�ߤ��L�O�H,0.01289052,0.022222222,,,,0.041820345926508365,0.02927819434160852,0.07109854026811688
True,�֩�,0.015486528,0.022222222,,,,0.050242716162166884,0.02927819434160852,0.07952091050377541
True,�׵��t��,0.00966789,0.022222222,,,,0.03136499178563506,0.02927819434160852,0.06064318612724358
True,�H�ͮ���,0.011637275,0.022222222,,,,0.037754374871724304,0.02927819434160852,0.06703256921333282
False,�n���n,0.014770388,0.022222222,,,,0.04791930413086171,0.02927819434160852,0.07719749847247023
True,�,0.016202668,0.022222222,,,,0.05256612819347207,0.02927819434160852,0.08184432253508059
True,�w�H,0.016381703,0.022222222,,,,0.05314698120129836,0.02927819434160852,0.08242517554290688
True,�U����,0.118700206,0.019047619,,,,0.385104476796203,0.02509472747795758,0.4101992042741606
True,�s�ڲĤ@�W,0.007429953,0.019047619,,,,0.024104330809983632,0.02509472747795758,0.049199058287941216
True,�]����,0.072240623,0.019047619,,,,0.2343731196431023,0.02509472747795758,0.2594678471210599
True,�R���U��,0.004565393,0.019047619,,,,0.014810682684762913,0.02509472747795758,0.03990541016272049
True,OK��,0.004744428,0.019047619,,,,0.01539153569258921,0.02509472747795758,0.04048626317054679
True,I Love You�L��,0.01647122,0.019047619,,,,0.05343740608303427,0.02509472747795758,0.07853213356099184
False,�z�S,0.00680333,0.019047619,,,,0.02207134366041435,0.02509472747795758,0.04716607113837193
True,�Z��,0.009041268,0.019047619,,,,0.029332007880420282,0.02509472747795758,0.05442673535837786
True,�۫H,0.007429953,0.019047619,,,,0.024104330809983632,0.02509472747795758,0.049199058287941216
True,���P������,0.023453585,0.015873016,,,,0.07609067338825976,0.020911260614306645,0.0970019340025664
True,�ϱj,0.088801361,0.015873016,,,,0.2881020244892118,0.020911260614306645,0.30901328510351844
False,�Գ�,0.005908155,0.015873016,,,,0.019167078621282876,0.020911260614306645,0.040078339235589525
True,�@��ī�G,0.005460568,0.015873016,,,,0.017714947723894387,0.020911260614306645,0.03862620833820103
False,�ण�ण�n��,0.006266225,0.015873016,,,,0.020328784636935465,0.020911260614306645,0.04124004525124211
False,�û����û�,0.005102498,0.015873016,,,,0.0165532417082418,0.020911260614306645,0.03746450232254844
False,�۶��P��,0.008772715,0.015873016,,,,0.02846072674650359,0.020911260614306645,0.049371987360810235
False,������,0.003670218,0.012698413,,,,0.01190641764563144,0.01672779375065571,0.02863421139628715
False,�R�����Ҽ�,0.00644526,0.012698413,,,,0.02090963764476176,0.01672779375065571,0.03763743139541747
False,�ɰݲ�����,0.004475875,0.012698413,,,,0.014520254558672516,0.01672779375065571,0.031248048309328223
False,����,0.004565393,0.012698413,,,,0.014810682684762913,0.01672779375065571,0.03153847643541862
False,Talking,0.001342763,0.012698413,,,,0.00435532854388961,0.01672779375065571,0.021083122294545318
False,��,0.002775043,0.012698413,,,,0.009002152606499966,0.01672779375065571,0.025729946357155677
False,���l��,0.008414645,0.012698413,,,,0.027299020730851,0.01672779375065571,0.04402681448150671
True,�����Ż�,0.017008325,0.00952381,,,,0.05517996510651315,0.012544326887004771,0.06772429199351793
False,Intro,0.001969385,0.00952381,,,,0.006388312449104392,0.012544326887004771,0.018932639336109162
False,���Y�j,0.002327455,0.00952381,,,,0.007550018464756981,0.012544326887004771,0.02009434535176175
False,������,0.017455913,0.00952381,,,,0.05663209924825613,0.012544326887004771,0.0691764261352609
True,�䯫,0.004744428,0.00952381,,,,0.01539153569258921,0.012544326887004771,0.027935862579593983
False,�E���y,0.010115478,0.00952381,,,,0.03281712592737805,0.012544326887004771,0.04536145281438282
True,�W�H,0.050040283,0.00952381,,,,0.16234734667264175,0.012544326887004771,0.17489167355964652
True,�p�@�h,0.025243935,0.00952381,,,,0.0818992034665227,0.012544326887004771,0.09444353035352747
False,�n�u����,0.002775043,0.00952381,,,,0.009002152606499966,0.012544326887004771,0.021546479493504737
False,����,0.00179035,0.00952381,,,,0.005807459441278097,0.012544326887004771,0.018351786328282868
False,���ڷ��U�A,0.043057918,0.00952381,,,,0.1396940793674163,0.012544326887004771,0.15223840625442106
False,�I��P�y,0.005281533,0.00952381,,,,0.017134094716068093,0.012544326887004771,0.029678421603072866
True,�^�ӧa,0.02649718,0.00952381,,,,0.08596517452130677,0.012544326887004771,0.09850950140831154
True,�ߦw �a�y�H,0.011189688,0.00952381,,,,0.03630224397433581,0.012544326887004771,0.04884657086134058
True,�t�ϩ]���,0.01969385,0.00952381,,,,0.06389276022390757,0.012544326887004771,0.07643708711091234
False,���A���N��,0.00608719,0.006349206,,,,0.01974793162910917,0.008360858705561698,0.02810879033467087
False,�ڷR�L��,0.000895175,0.006349206,,,,0.002903194402146623,0.008360858705561698,0.011264053107708321
False,�ͬ�,0.002685525,0.006349206,,,,0.008711724480409569,0.008360858705561698,0.01707258318597127
False,�Ϧ�,0.00250649,0.006349206,,,,0.008130871472583276,0.008360858705561698,0.016491730178144974
False,�K�ڭn���F,0.002775043,0.006349206,,,,0.009002152606499966,0.008360858705561698,0.017363011312061666
False,�����Ĥl���b���R,0.016381703,0.006349206,,,,0.05314698120129836,0.008360858705561698,0.06150783990686006
False,I'm In Love,0.001879868,0.006349206,,,,0.006097887567368494,0.008360858705561698,0.014458746272930192
False,�b�o�@��,0.002775043,0.006349206,,,,0.009002152606499966,0.008360858705561698,0.017363011312061666
False,Hosee,0.002416973,0.006349206,,,,0.007840446590847377,0.008360858705561698,0.016201305296409077
False,���i����,0.004833945,0.006349206,,,,0.015681960574325107,0.008360858705561698,0.024042819279886805
False,�T���n�u,0.000447588,0.006349206,,,,0.0014510635047581364,0.008360858705561698,0.009811922210319835
False,�O�S��,0.002775043,0.006349206,,,,0.009002152606499966,0.008360858705561698,0.017363011312061666
False,�¥���,0.002685525,0.006349206,,,,0.008711724480409569,0.008360858705561698,0.01707258318597127
False,�p�ɭ�,0.002775043,0.006349206,,,,0.009002152606499966,0.008360858705561698,0.017363011312061666
False,����,0.001163728,0.006349206,,,,0.0037744755360633146,0.008360858705561698,0.012135334241625013
False,�B�v,0.002685525,0.006349206,,,,0.008711724480409569,0.008360858705561698,0.01707258318597127
False,����-�֨k�֤kICQ,0.000626623,0.006349206,,,,0.0020319165125844306,0.008360858705561698,0.01039277521814613
False,���@�~����u,0.001163728,0.006349206,,,,0.0037744755360633146,0.008360858705561698,0.012135334241625013
False,�V�e��,0.001879868,0.006349206,,,,0.006097887567368494,0.008360858705561698,0.014458746272930192
False,�ѤѷQ�A,0.006266225,0.006349206,,,,0.020328784636935465,0.008360858705561698,0.028689643342497163
False,��,0.001521798,0.006349206,,,,0.004936181551715904,0.008360858705561698,0.013297040257277602
False,����@��,0.000268553,0.003174603,,,,0.0008702104969318414,0.004177391841910761,0.005047602338842602
False,�Z�˥H��,0.00035807,0.003174603,,,,0.0011606353786677392,0.004177391841910761,0.0053380272205785
False,�~��,0.000268553,0.003174603,,,,0.0008702104969318414,0.004177391841910761,0.005047602338842602
False,���ɪ��g�b,0.000179035,0.003174603,,,,0.0005797823708414444,0.004177391841910761,0.004757174212752205
False,���@�Ӫ���,8.95e-05,0.003174603,,,,0.00028929909072455495,0.004177391841910761,0.004466690932635316
False,�@�ӤH������,0.000268553,0.003174603,,,,0.0008702104969318414,0.004177391841910761,0.005047602338842602
False,�M��,0.00035807,0.003174603,,,,0.0011606353786677392,0.004177391841910761,0.0053380272205785
False,�I��P�y �H�H�I��,0.000268553,0.003174603,,,,0.0008702104969318414,0.004177391841910761,0.005047602338842602
False,�T�q���L,0.000179035,0.003174603,,,,0.0005797823708414444,0.004177391841910761,0.004757174212752205
False,ù�e�ڻP���R��,0.000447588,0.003174603,,,,0.0014510635047581364,0.004177391841910761,0.005628455346668897
False,���Z�ȫ�,0.000179035,0.003174603,,,,0.0005797823708414444,0.004177391841910761,0.004757174212752205
False,����Ѥ��ʧǦ�,0.000447588,0.003174603,,,,0.0014510635047581364,0.004177391841910761,0.005628455346668897
False,�R�O��w,0.000626623,0.003174603,,,,0.0020319165125844306,0.004177391841910761,0.006209308354495191
False,Ho See,0.000805658,0.003174603,,,,0.0026127695204107254,0.004177391841910761,0.0067901613623214865
False,�F��঳�h��,0.000179035,0.003174603,,,,0.0005797823708414444,0.004177391841910761,0.004757174212752205
False,�p�G�ڬO���Y,0.00071614,0.003174603,,,,0.0023223413943203285,0.004177391841910761,0.006499733236231089
False,�T���O,0.000447588,0.003174603,,,,0.0014510635047581364,0.004177391841910761,0.005628455346668897
False,�����q�v,8.95e-05,0.003174603,,,,0.00028929909072455495,0.004177391841910761,0.004466690932635316
False,�۫~�E��,0.000537105,0.003174603,,,,0.0017414883864940336,0.004177391841910761,0.005918880228404795
False,�G�Ƴ��H��,0.000537105,0.003174603,,,,0.0017414883864940336,0.004177391841910761,0.005918880228404795
False,���b���q,0.000447588,0.003174603,,,,0.0014510635047581364,0.004177391841910761,0.005628455346668897
False,.....���r��,0.000537105,0.003174603,,,,0.0017414883864940336,0.004177391841910761,0.005918880228404795
False,�C�q�ڤh,0.000179035,0.003174603,,,,0.0005797823708414444,0.004177391841910761,0.004757174212752205
False,�K�I�ڭn���F,0.00035807,0.003174603,,,,0.0011606353786677392,0.004177391841910761,0.0053380272205785
False,��,0.034144121,0.005076142,,,,0.11077456196242283,0.0066832249796101644,0.11745778694203299
False,�P����,0.016844433,0.005076142,,,,0.05464824135887348,0.0066832249796101644,0.061331466338483645
False,Talking Of Mayday,0.005332986,0.005076142,,,,0.017301026488133257,0.0066832249796101644,0.023984251467743422
False,�����Ĥl���V�b�@�_,0.004552549,0.005076142,,,,0.01476901219557074,0.0066832249796101644,0.021452237175180904
False,Tears For Feas,0.003577003,0.005076142,,,,0.01160399514095622,0.0066832249796101644,0.018287220120566383
False,The Heart Beat Of ����,0.002861602,0.005076142,,,,0.009282980687626206,0.0066832249796101644,0.01596620566723637
False,�]����/���,0.011901665,0.005076142,,,,0.038612149757859385,0.0066832249796101644,0.04529537473746955
False,Enrich Your Life���ڷ��U�A,0.005007804,0.005076142,,,,0.016246020803261752,0.0066832249796101644,0.022929245782871917
False,�o�ӥ@��,0.007349116,0.005076142,,,,0.023842066925303797,0.0066832249796101644,0.030525291904913963
False,�֩�/�۫H,0.00617846,0.005076142,,,,0.020044043864282775,0.0066832249796101644,0.02672726884389294
False,�R���U��/�汼,0.009690427,0.005076142,,,,0.03143810980299134,0.0066832249796101644,0.038121334782601504
False,�ȳ~�W,0.000325182,0.005076142,,,,0.0010539350478866562,0.0066832249796101644,0.007737160027496821
False,Intro��,0.007023933,0.005076142,,,,0.022787057996077793,0.0066832249796101644,0.029470282975687958
False,���,0.011901665,0.005076142,,,,0.038612149757859385,0.0066832249796101644,0.04529537473746955
False,�汼,0.009690427,0.005076142,,,,0.03143810980299134,0.0066832249796101644,0.038121334782601504
False,�A�ֶּ�,0.00291409,0.046511628,,,,0.009453270366598399,0.06128658252078061,0.07073985288737901
False,�ڪ��D�A�����L,0.007247866,0.046511628,,,,0.02351357603222472,0.06128658252078061,0.08480015855300534
False,You Gotta Know,0.002036127,0.046511628,,,,0.006604847157113119,0.06128658252078061,0.06789142967789373
False,Show Your Love,0.002596529,0.046511628,,,,0.008422989907367937,0.06128658252078061,0.06970957242814854
False,�p�G���Q�n,0.003175611,0.046511628,,,,0.01030173719967428,0.06128658252078061,0.07158831972045489
False,����˪��R,0.002970131,0.03875969,,,,0.00963508723710748,0.051071139597027145,0.060706226834134625
False,Take It Easy,0.001401005,0.03875969,,,,0.004544286238652193,0.051071139597027145,0.05561542583567934
False,�A�ٷR�ڶ�,0.00549194,0.03875969,,,,0.01781672961325416,0.051071139597027145,0.06888786921028131
False,Because Of You,0.001438365,0.03875969,,,,0.004665495322755247,0.051071139597027145,0.05573663491978239
False,Don't Stop,0.002577849,0.03875969,,,,0.008362385365316409,0.051071139597027145,0.059433524962343554
False,�ˤ��o,0.002409729,0.03875969,,,,0.007816944486852663,0.051071139597027145,0.058888084083879806
False,�R�W�F�@����,0.003605253,0.03875969,,,,0.011695648155568407,0.051071139597027145,0.06276678775259555
False,Lucky Number,0.001344965,0.03875969,,,,0.004362472612497612,0.051071139597027145,0.05543361220952476
False,The Rose,0.001102124,0.031007752,,,,0.003574610321473256,0.040855696673273684,0.04443030699474694
False,�Pı�A���s�b,0.002260288,0.031007752,,,,0.007332104906085947,0.040855696673273684,0.04818780157935963
False,�t�檺�H�`���L�ҿ�,0.003063531,0.031007752,,,,0.009938109947365116,0.040855696673273684,0.0507938066206388
False,�ǧڤӦ~��,0.001755926,0.031007752,,,,0.005695775781985711,0.040855696673273684,0.046551472455259396
False,�M�@�ɰ��F�~,0.001793286,0.031007752,,,,0.005816984866088766,0.040855696673273684,0.04667268153936245
False,�֦��R,0.001270245,0.023255814,,,,0.004120054444291502,0.03064025374952022,0.03476030819381172
False,Sugar Sugar,0.000803243,0.023255814,,,,0.002604934404294321,0.03064025374952022,0.03324518815381454
False,�q�Q,0.000821923,0.023255814,,,,0.0026655389463458483,0.03064025374952022,0.03330579269586607
False,�ݺ��,0.000840603,0.023255814,,,,0.0027261434883973754,0.03064025374952022,0.033366397237917594
False,Bridge Over Troubled Water,0.000616442,0.023255814,,,,0.0019988857394245487,0.03064025374952022,0.03263913948894477
False,�W��,0.000803243,0.023255814,,,,0.002604934404294321,0.03064025374952022,0.03324518815381454
False,�u���@�ӧA,0.000859283,0.023255814,,,,0.0027867480304489024,0.03064025374952022,0.03342700177996912
False,�ť�,0.000728523,0.023255814,,,,0.0023625162360882117,0.03064025374952022,0.03300276998560843
False,��,0.000635122,0.015503876,,,,0.0020594902814760757,0.020424810825766755,0.02248430110724283
True,���s,0.009526834,0.015503876,,,,0.030907356117347042,0.020424810825766755,0.051332166943113794
True,�M�h�믫,0.008835671,0.015503876,,,,0.028664978328377035,0.020424810825766755,0.04908978915414379
True,���R�A,0.016606579,0.015503876,,,,0.05387655866373836,0.020424810825766755,0.07430136948950511
True,�N�O�R,0.01391665,0.015503876,,,,0.04514947540912794,0.020424810825766755,0.0655742862348947
True,Love Love Love,0.014551772,0.015503876,,,,0.04721003632758886,0.020424810825766755,0.06763484715335562
False,�ݧ�72��,0.016625259,0.015503876,,,,0.05393716320578989,0.020424810825766755,0.07436197403155664
True,�z�̪᪺���D,0.006911625,0.015503876,,,,0.02242269103094273,0.020424810825766755,0.042847501856709484
False,�ë�,0.000523042,0.015503876,,,,0.0016958630291669125,0.020424810825766755,0.022120673854933666
False,�p�G���ѧA���R��,0.001307605,0.015503876,,,,0.004241263528394557,0.020424810825766755,0.02466607435416131
True,�Ŀ�,0.010311397,0.015503876,,,,0.03345275661657468,0.020424810825766755,0.053877567442341436
False,�ѧ�,0.000803243,0.015503876,,,,0.002604934404294321,0.020424810825766755,0.023029745230061075
False,����,0.000821923,0.015503876,,,,0.0026655389463458483,0.020424810825766755,0.023090349772112603
False,�۳o���q,0.000560402,0.015503876,,,,0.001817072113269967,0.020424810825766755,0.02224188293903672
False,�C�@�������@����,0.11519997,0.007751938,,,,0.37374847038012865,0.01020936790201329,0.3839578382821419
False,Baby Face,0.000467002,0.007751938,,,,0.0015140494030123307,0.01020936790201329,0.01172341730502562
False,�Ĳ�,0.03084079,0.007751938,,,,0.10005738516908162,0.01020936790201329,0.11026675307109492
False,OH ! OH !,0.035492126,0.007751938,,,,0.11514796804958391,0.01020936790201329,0.1253573359515972
False,�@���N�ݨ�,0.000523042,0.007751938,,,,0.0016958630291669125,0.01020936790201329,0.011905230931180202
False,�W������,0.063493546,0.007751938,,,,0.20599450102027322,0.01020936790201329,0.21620386892228652
False,���Ԯ�s��,0.010741038,0.007751938,,,,0.034846664328114306,0.01020936790201329,0.04505603223012759
True,Prove It,0.002596529,0.007751938,,,,0.008422989907367937,0.01020936790201329,0.018632357809381224
True,�f�c�󪺨��D,0.016083537,0.007751938,,,,0.0521796249975866,0.01020936790201329,0.062388992899599885
True,�l�@�M��,0.004950218,0.007751938,,,,0.01605919140505087,0.01020936790201329,0.026268559307064156
True,�Ĥ@�u��,0.003156931,0.007751938,,,,0.010241132657622753,0.01020936790201329,0.020450500559636042
False,���ҤW��÷��,0.002596529,0.007751938,,,,0.008422989907367937,0.01020936790201329,0.018632357809381224
True,���@�Ѫ��A,0.005080978,0.007751938,,,,0.01648342319941156,0.01020936790201329,0.026692791101424848
True,������,0.002073487,0.007751938,,,,0.006726056241216174,0.01020936790201329,0.016935424143229464
True,�������i��,0.00575346,0.007751938,,,,0.01866519320197554,0.01020936790201329,0.02887456110398883
True,����������,0.004034894,0.007751938,,,,0.013089555867108032,0.01020936790201329,0.02329892376912132
False,�n�Q�A,0.032054994,0.007751938,,,,0.1039966933798489,0.01020936790201329,0.1142060612818622
False,���Z�C��,0.078885921,0.007751938,,,,0.25593282211022916,0.01020936790201329,0.26614219001224243
False,�}�B,0.000186801,0.007751938,,,,0.000604978027884922,0.01020936790201329,0.010814345929898212
False,Pretty Pretty Day,0.000298881,0.007751938,,,,0.0009686052801940855,0.01020936790201329,0.011177973182207375
False,�}����,0.022733641,0.007751938,,,,0.0737549198324383,0.01020936790201329,0.0839642877344516
False,�Ѫ�,0.109390469,0.007751938,,,,0.3549003896706592,0.01020936790201329,0.36510975757267244
False,�R�W�@����,0.000429642,0.007751938,,,,0.0013928403189092762,0.01020936790201329,0.011602208220922566
False,�\�@������þ�֤k,0.097902229,0.007751938,,,,0.3176284665347899,0.01020936790201329,0.32783783443680314
True,�R��36�p,0.016475819,0.007751938,,,,0.05345232686937767,0.01020936790201329,0.06366169477139096
True,�۵P�ʧ@,0.016176938,0.007751938,,,,0.05248265095219873,0.01020936790201329,0.06269201885421202
False,�樭���`,0.014607812,0.007751938,,,,0.047391849953743445,0.01020936790201329,0.05760121785575673
False,�n�F��,0.002222928,0.007751938,,,,0.007210895821982891,0.01020936790201329,0.01742026372399618
False,�ƯB,0.000242841,0.007751938,,,,0.0007867916540395037,0.01020936790201329,0.010996159556052792
False,���аO��,0.074421385,0.007751938,,,,0.2414482846502422,0.01020936790201329,0.2516576525522555
False,�l������S,0.023817085,0.007751938,,,,0.0772699962488449,0.01020936790201329,0.08747936415085819
False,Good-bye,0.000149441,0.007751938,,,,0.00048376894378186736,0.01020936790201329,0.010693136845795157
False,Surprise,0.000242841,0.007751938,,,,0.0007867916540395037,0.01020936790201329,0.010996159556052792
False,�M�@�ɧ@�F�~,0.000186801,0.007751938,,,,0.000604978027884922,0.01020936790201329,0.010814345929898212
False,Bridge Over the Trouble Water,0.00013076,0.007751938,,,,0.00042316115737584057,0.01020936790201329,0.010632529059389129
False,Good Bye,0.000280201,0.007751938,,,,0.0009080007381425583,0.01020936790201329,0.011117368640155847
False,�A�O��,0.000186801,0.007751938,,,,0.000604978027884922,0.01020936790201329,0.010814345929898212
False,���w������ĳ,0.132339701,0.295943487,,,,0.42935583377099407,0.3899859244118306,0.8193417581828246
False,Mr. Q,0.108048845,0.216204645,,,,0.3505476858095597,0.2849067056078108,0.6354543914173705
True,����,0.10377957,0.207428021,,,,0.33669664425350865,0.27334093953289573,0.6100375837864044
False,����,0.06293215,0.121374291,,,,0.2041731333816459,0.1599400109920468,0.3641131443736927
True,�B�B����,0.046495106,0.07802633,,,,0.15084553572100326,0.10281640893839376,0.253661944659397
False,�ĨĵP,0.03367276,0.071497378,,,,0.10924529978116214,0.0942126073460789,0.20345790712724104
False,�߫���,0.044398448,0.067751258,,,,0.14404323390469326,0.08927599987507857,0.23331923377977182
False,�̲׸�,0.034911543,0.065396554,,,,0.11326435098117375,0.0861729894647355,0.19943734044590927
False,���H�`,0.042510673,0.045274537,,,,0.13791862258931198,0.05965635373128447,0.19757497632059645
False,�ڭn�����,0.011687447,0.025152521,,,,0.03791715062567554,0.03313971931562558,0.07105686994130112
False,"���X�@MIX��-���R�A,���Ԯ�s��,�˱a",0.003017088,0.008776624,,,,0.009787432391342681,0.011559691053174875,0.021347123444517557
False,��A�e�߳N,0.003551027,0.00749224,,,,0.011519719788476001,0.009867139920260476,0.021386859708736477
False,�ֶ�,0.002690917,0.006528952,,,,0.008729218039871124,0.00859772657057468,0.017326944610445802
False,�M�h�믫/���s/�ݧڤC�Q�G��,0.001070111,0.002889864,,,,0.0034707488008792766,0.003802165027317218,0.007272913828196495
False,�ݧڤC�Q�G��,0.001070111,0.002889864,,,,0.0034707488008792766,0.003802165027317218,0.007272913828196495
False,�R��36�p/�z�̪᪺���D/�۵P�ʧ@,0.00074394,0.00160548,,,,0.002412534449407719,0.0021096138944028207,0.004522148343810539
False,Outro,0.000253565,0.000963288,,,,0.0008215841116926395,0.0012633383279456215,0.002084922439638261
False,�_��Magic Mix��,0.000326172,0.000856256,,,,0.0010571469588412073,0.001122292400202755,0.002179439359043962
False,���@�Ѫ��A/������/����������,0.00037197,0.000749224,,,,0.0012057319062114345,0.0009812464724598886,0.002186978378671323
False,ť���R���^�ӹL,0.070084229,0.099858811,,,,0.2273770130664074,0.13158708067743913,0.3589640937438465
True,�S��J,0.093399936,0.079322295,,,,0.3030214319819635,0.10452422142201813,0.40754565340398163
False,�߻R�W�L,0.029737532,0.057117186,,,,0.09647802511262103,0.07526250343546763,0.17174052854808866
False,���ѩp�n������,0.025565013,0.04890258,,,,0.08294089432052808,0.06443736026041608,0.14737825458094417
False,�h��,0.014488941,0.024387113,,,,0.047006190290027866,0.0321310706735203,0.07913726096354817
False,���{�Ĥ�,0.006188371,0.012963676,,,,0.020076198661727777,0.017077355245637173,0.03715355390736495
False,�ڨ̵M�O�A�����H/�ŷR,0.009686468,0.011808497,,,,0.031425265403527636,0.015555069445464543,0.04698033484899218
False,�ӥJ�H�]���h,0.005491716,0.011038378,,,,0.01781600287784626,0.014540212684613502,0.03235621556245976
False,MR.Q,0.004935874,0.00834296,,,,0.016012654384109374,0.010988212044946658,0.027000866429056032
False,�ګܩȶ�,0.003809369,0.007829547,,,,0.012357872818597826,0.010311640431781918,0.022669513250379743
False,�Ѫ�/�˱a,0.003731551,0.005904248,,,,0.012105403640152121,0.007774496552966116,0.019879900193118236
False,�R���Ѩ�,0.002267834,0.003208831,,,,0.007356586805139523,0.004222497231091406,0.011579084036230928
False,Jolin�l�R�V����,0.001467422,0.002952124,,,,0.004759766531448568,0.0038842107656129696,0.008643977297061537
False,���R�A/�N�O�R/���Ԯ�s��,0.001378487,0.002823771,,,,0.0044712298640314065,0.0037150681917698185,0.008186298055801225
False,�l�@�M��/���аO��,0.001385899,0.002053652,,,,0.004495277019582044,0.0027002114309187778,0.007195488450500822
False,�A����,0.001793516,0.001925298,,,,0.005817731067623661,0.002531067539283492,0.008348798606907152
False,�������i��/�f�c�󪺨��D,0.001411838,0.001925298,,,,0.004579432330945779,0.002531067539283492,0.007110499870229272
False,���ҤW��÷��/���@�Ѫ��A/�n�Q�A,0.001026454,0.001411886,,,,0.0033291100164925783,0.001854497243910888,0.005183607260403466
False,OH OH,0.000815235,0.001283532,,,,0.0026438407034528816,0.0016853533522756025,0.004329194055728484
False,�ݧ�72��/�R��36�p/�۵P�ʧ@,0.001730521,0.001155179,,,,0.005613352955924734,0.0015162107784324516,0.0071295637343571855
True,�j���N�a,0.109093438,0.409764398,,,,0.3539367158093044,0.5399782256725117,0.8939149414818162
True,�֤H���B,0.053502182,0.262219332,,,,0.17357897427026706,0.34554449820920685,0.5191234724794739
True,���ɧJ,0.037193325,0.171192858,,,,0.1206672606798578,0.2255905267381335,0.3462577874179913
True,Dr. Jolin,0.035097312,0.154697508,,,,0.11386705147219998,0.20385308425183699,0.31772013572403696
True,����,0.025994987,0.143828194,,,,0.08433588240211605,0.1895295877549152,0.2738654701570313
False,�L���H��,0.024075734,0.124579777,,,,0.07810914529579807,0.1641641752301884,0.24227332052598646
False,�@�ӤH,0.019025017,0.115379827,,,,0.06172282887091243,0.15204055348213188,0.21376338235304432
True,�g��,0.021010018,0.100244871,,,,0.06816287579686658,0.13209582750889526,0.20025870330576184
False,�p�ˤf,0.016844754,0.096242086,,,,0.054649282796667836,0.12682098891968613,0.18147027171635396
False,�ڪ��̿�,0.014922858,0.094226858,,,,0.04841397086140756,0.12416533731200431,0.17257930817341188
True,���H�p,0.017296071,0.087364941,,,,0.05611351513633963,0.11512275706161615,0.17123627219795579
False,�m��ۤ�,0.016046855,0.087129754,,,,0.05206061558583423,0.11481282948287277,0.166873445068707
False,�]�涡�ذ��s�A,0.016193219,0.086281237,,,,0.05253547228780585,0.11369466045425894,0.16623013274206477
True,�餣��,0.014719667,0.077773013,,,,0.047754747226290216,0.10248258978825138,0.1502373370145416
True,�ό��,0.014358547,0.073862457,,,,0.046583145929414004,0.09732928984981772,0.1439124357792317
True,�Q�T���P���R,0.014299737,0.072857149,,,,0.04639234544129568,0.096004502874639,0.1423968483159347
False,�Y�ɥͮ�,0.011297126,0.064782406,,,,0.03665081093305808,0.08536367006089904,0.12201448099395712
False,�D�ʭI�q,0.008561142,0.054263566,,,,0.027774308931971057,0.07150202544453409,0.09927633437650514
True,���R���{,0.010192292,0.052801719,,,,0.033066337773906204,0.06957561496604983,0.10264195273995604
True,�¾v�ת�,0.01078733,0.05197626,,,,0.03499685198660731,0.06848783158847399,0.10348468357508131
True,Beast,0.008253216,0.05130298,,,,0.026775287828343722,0.06760058850013856,0.09437587632848228
True,�C�W�K�U,0.00947567,0.051113909,,,,0.030741361963732252,0.06735143222347109,0.09809279418720335
True,�j�V��,0.008973803,0.04900184,,,,0.029113127504108386,0.06456816430768939,0.09368129181179777
False,���H,0.006730765,0.045723061,,,,0.021835917076154763,0.06024741513063179,0.08208333220678656
True,�R�L�j,0.006067997,0.036633787,,,,0.019685662733199376,0.04826964134485637,0.06795530407805575
False,�D��~,0.005680116,0.032921526,,,,0.018427239265560807,0.04337765299773904,0.06180489226329985
False,����,0.004827371,0.030588105,,,,0.015660632187845087,0.040302689157395155,0.05596332134524024
False,�Ȥ���,0.004457331,0.029389114,,,,0.014460091248832928,0.03872266824822456,0.05318275949705749
False,�U�C�U���R,0.004158326,0.026036551,,,,0.013490013031696049,0.03430468709631291,0.04779470012800896
False,������,0.003008558,0.020202998,,,,0.00975975804746155,0.026617276836557117,0.036377034884018666
False,��᷽,0.002616382,0.019386762,,,,0.008487400077247432,0.025541647455838017,0.03402904753308545
False,���j�P,0.003121883,0.019008619,,,,0.01012742452112265,0.025043333584710968,0.035170758105833616
False,�A�ּ֧ڤ���,0.002393036,0.015826681,,,,0.007762786477191735,0.02085020071575326,0.028612987192944996
False,�N�E�ɤO,0.002611756,0.015134956,,,,0.008472391693332528,0.019938650951496457,0.028411042644828986
False,���V,0.001902072,0.01312434,,,,0.006169925214676423,0.01728907700113908,0.0234590022158155
False,�ګ�ڷR�A,0.002632571,0.012806146,,,,0.008539922932240589,0.016869763450684878,0.025409686382925466
False,�Ѵ��R,0.001711105,0.012017579,,,,0.005550360568961541,0.015830596060536054,0.021380956629497596
False,�v�R��,0.001478508,0.010961545,,,,0.00479573344543054,0.014438962761541265,0.019234696206971803
False,�R�ޤO,0.001293819,0.010624905,,,,0.00419653685726381,0.013995341217373555,0.018191878074637364
False,�`�羹,0.001767602,0.009808669,,,,0.005733656865122415,0.012919711836654458,0.018653368701776873
False,�Q�l�~,0.00126144,0.008540505,,,,0.0040914879029229955,0.011248535292162114,0.015340023195085109
False,���h����,0.001341065,0.007871837,,,,0.00434981962994938,0.010367369861151134,0.014717189491100515
False,Let's move it,0.001191067,0.007253896,,,,0.003863172943726415,0.00955305207174839,0.013416225015474804
False,�`��,0.001385998,0.007198558,,,,0.0044955982106775,0.009480128090607845,0.013975726301285345
False,���T��,0.000986553,0.0071755,,,,0.0031996570276061767,0.009449742439569883,0.01264939946717606
False,���q�B��,0.001002412,0.006474551,,,,0.0032511092456144835,0.008526037360664188,0.011777146606278672
False,�Q�l�x,0.000921796,0.00631776,,,,0.0029895623632790486,0.008319419414099312,0.01130898177737836
False,�k��,0.00094195,0.005898113,,,,0.003054949083862907,0.007766411898220783,0.01082136098208369
False,�ڳ��w,0.000980276,0.005851998,,,,0.0031792922144125236,0.007705641913936996,0.01088493412834952
False,�ڤ���S���A,0.000725213,0.005086489,,,,0.002351777422694713,0.006696860174826132,0.009048637597520845
False,�ɦb������,0.000813758,0.005081877,,,,0.0026390487918570515,0.006690782517501687,0.009329831309358739
False,�N�D�ɤO,0.00058017,0.004980424,,,,0.0018812065130170007,0.006557088552077354,0.008438295065094355
False,Hot-J Remix,0.000698781,0.004943532,,,,0.0022660226445627017,0.006508472564650325,0.008774495209213027
False,�L����,0.000663759,0.004551554,,,,0.002152398861279587,0.005991927039342069,0.008144325900621656
False,Missed Call,0.000658473,0.004473159,,,,0.0021352492033949845,0.005888618724955698,0.008023867928350682
False,Let's Start The Dance,0.000649222,0.003970505,,,,0.0021052356799196805,0.005226225237366353,0.007331460917286033
False,�A�j�P,0.000611227,0.003887498,,,,0.001981966430709414,0.005116839265655536,0.00709880569636495
False,L'amour est parti,0.000561998,0.003809102,,,,0.001822250103051243,0.005013529633477031,0.006835779736528274
False,Secret Talk,0.000558364,0.003735318,,,,0.0018104601187998914,0.004916297658622972,0.006726757777422864
False,����,0.000449334,0.003380232,,,,0.0014567281477143445,0.004448368120741745,0.005905096268456089
False,I Love You Too,0.000454621,0.00331106,,,,0.0014738810499534463,0.004357213803212132,0.005831094853165578
False,�N�D�e��,0.0003109,0.002457932,,,,0.0010075991769241343,0.0032329684350660055,0.00424056761199014
False,������}�l�a,0.000287111,0.001858436,,,,0.0009304192277344241,0.00244295732158464,0.003373376549319064
False,��l��k��,0.000249777,0.001720091,,,,0.0008092944968483578,0.0022606473687332793,0.0030699418655816373
False,�Ѩ�,0.000262002,0.001660141,,,,0.0008489567306053129,0.002181645730268289,0.0030306024608736017
False,�R���̥�,0.000232597,0.0015633,,,,0.0007535564865461501,0.0020540294221684037,0.0028075859087145537
False,�����黡�ܧa,0.000227641,0.001461847,,,,0.000737477465646398,0.0019203354567440723,0.0026578129223904703
False,���§A,0.000214095,0.001300444,,,,0.0006935294395955422,0.0017076398528547505,0.0024011692924502926
False,�ºަѮv���k��,0.000165196,0.001212826,,,,0.0005348837489222213,0.0015921775416116225,0.002127061290533844
False,Marry Me Today,7.27e-06,5.53e-05,,,,2.2515820226852208e-05,6.679888329925539e-05,8.93147035261076e-05
False,Run Run,4.3e-06,4.61e-05,,,,1.2880087363199318e-05,5.467519566159215e-05,6.755528302479147e-05
False,Kiss Me,4.96e-06,4.15e-05,,,,1.5021361332899959e-05,4.8613351842760524e-05,6.363471317566048e-05
False,Qing Feng Di Shou,5.95e-06,3.69e-05,,,,1.823327228745092e-05,4.255150802392891e-05,6.078478031137983e-05
False,Shua Da Pai,2.97e-06,3.23e-05,,,,8.565095878802568e-06,3.6489664205097284e-05,4.505476008389985e-05
False,Wu Niang,2.64e-06,2.77e-05,,,,7.494458893952249e-06,3.0427820386265667e-05,3.792227928021792e-05
False,When You Say Nothing At All,2.64e-06,2.77e-05,,,,7.494458893952249e-06,3.0427820386265667e-05,3.792227928021792e-05
False,Wei Wu Du Zun,4.63e-06,2.77e-05,,,,1.3950724348049637e-05,3.0427820386265667e-05,4.43785447343153e-05
False,Get The Party Started,3.3e-06,2.77e-05,,,,9.63573286365289e-06,3.0427820386265667e-05,4.006355324991856e-05
False,Ting Shuo Ai Qing Hui Lai Guo,1.98e-06,2.31e-05,,,,5.353184924251606e-06,2.436597656743405e-05,2.9719161491685656e-05
False,Physical,2.31e-06,2.31e-05,,,,6.423821909101927e-06,2.436597656743405e-05,3.0789798476535975e-05
False,Lady Marmalade,3.63e-06,2.31e-05,,,,1.070636984850321e-05,2.436597656743405e-05,3.507234641593726e-05
False,Li Ren Jie,2.64e-06,1.84e-05,,,,7.494458893952249e-06,1.8172353535149572e-05,2.566681242910182e-05
False,Ideal State,3.63e-06,1.84e-05,,,,1.070636984850321e-05,1.8172353535149572e-05,2.887872338365278e-05
False,The Blower's Daughter,1.98e-06,1.84e-05,,,,5.353184924251606e-06,1.8172353535149572e-05,2.3525538459401178e-05
False,Lovefool,1.32e-06,1.38e-05,,,,3.211910954550964e-06,1.2110509716317952e-05,1.5322420670868914e-05
False,Jia Zhuang,1.32e-06,1.38e-05,,,,3.211910954550964e-06,1.2110509716317952e-05,1.5322420670868914e-05
False,Mu Zai Pu Ya Gan Qu,1.32e-06,1.38e-05,,,,3.211910954550964e-06,1.2110509716317952e-05,1.5322420670868914e-05
False,Sun will never set,1.65e-06,1.38e-05,,,,4.282547939401285e-06,1.2110509716317952e-05,1.6393057655719236e-05
False,Wan Mei,1.32e-06,1.38e-05,,,,3.211910954550964e-06,1.2110509716317952e-05,1.5322420670868914e-05
False,Bravo Lover,1.65e-06,1.38e-05,,,,4.282547939401285e-06,1.2110509716317952e-05,1.6393057655719236e-05
False,I Won't Last A Day Without You,1.98e-06,1.38e-05,,,,5.353184924251606e-06,1.2110509716317952e-05,1.7463694640569558e-05
False,Metronome,9.91e-07,1.38e-05,,,,2.144518324200188e-06,1.2110509716317952e-05,1.4255028040518141e-05
False,Agent J,1.65e-06,1.38e-05,,,,4.282547939401285e-06,1.2110509716317952e-05,1.6393057655719236e-05
False,Guai Guai Pai,9.91e-07,1.38e-05,,,,2.144518324200188e-06,1.2110509716317952e-05,1.4255028040518141e-05
False,J-Start Remix,2.97e-06,9.22e-06,,,,8.565095878802568e-06,6.0750217401769045e-06,1.4640117618979472e-05
False,Priceless,1.32e-06,9.22e-06,,,,3.211910954550964e-06,6.0750217401769045e-06,9.286932694727868e-06
False,Thank You,1.32e-06,9.22e-06,,,,3.211910954550964e-06,6.0750217401769045e-06,9.286932694727868e-06
False,Huai Nian,6.61e-07,9.22e-06,,,,1.0738813393498673e-06,6.0750217401769045e-06,7.148903079526772e-06
False,Golden Triangle,6.61e-07,9.22e-06,,,,1.0738813393498673e-06,6.0750217401769045e-06,7.148903079526772e-06
False,Tacit Violence,6.61e-07,9.22e-06,,,,1.0738813393498673e-06,6.0750217401769045e-06,7.148903079526772e-06
False,Alone,6.61e-07,9.22e-06,,,,1.0738813393498673e-06,6.0750217401769045e-06,7.148903079526772e-06
False,Guan Xing Bei Pan,3.3e-07,4.61e-06,,,,0.0,0.0,0.0
False,Ma De Li Bu Si Yi,6.61e-07,4.61e-06,,,,1.0738813393498673e-06,0.0,1.0738813393498673e-06
False,Xin Xing Quan,3.3e-07,4.61e-06,,,,0.0,0.0,0.0
False,Chun Chun Yu Dong,3.3e-07,4.61e-06,,,,0.0,0.0,0.0
False,Fear-free,3.3e-07,4.61e-06,,,,0.0,0.0,0.0
False,Zui Zhong Hua,9.91e-07,4.61e-06,,,,2.144518324200188e-06,0.0,2.144518324200188e-06
False,Kai Chang Bai,3.3e-07,4.61e-06,,,,0.0,0.0,0.0
False,Wu Niang 765 Tai Xuan Di Zhuan Acid House Mix,3.3e-07,4.61e-06,,,,0.0,0.0,0.0
False,�ĤT�H��,0.213073279,0.698266268,,,,0.6912841808197765,0.9201637207553082,1.6114479015750847
False,Play�کA,0.122332566,0.522790335,,,,0.3968891403061755,0.6889229164488384,1.0858120567550138
False,I'm Not Yours - feat.�w�ǩ`���fNAMIE AMURO,0.075035189,0.398531447,,,,0.24343968241948177,0.5251755311971664,0.7686152136166482
False,���@�ˤS���,0.072726731,0.360590304,,,,0.23595022632016782,0.4751769913767412,0.711127217696909
False,������,0.065696142,0.335666455,,,,0.2131405032635562,0.4423325392023624,0.6554730424659185
False,�۷R�ۨ�,0.043501082,0.284231077,,,,0.1411318604848533,0.37455140263745634,0.5156832631223096
False,�q�ܬӦZ,0.039333306,0.257066668,,,,0.12761011766615166,0.3387543581181381,0.46636447578428974
False,�B�y,0.032449111,0.224802176,,,,0.10527534864214665,0.2962364643359767,0.4015118129781234
False,�ĤG��,0.030427149,0.21595652,,,,0.09871538712953475,0.2845797284344309,0.38329511556396567
False,Miss Trouble,0.025910671,0.185409014,,,,0.0840623314081323,0.2443244652981653,0.32838679670629756
False,�ȵ{,0.005596753,0.04966116,,,,0.01815678014141512,0.0654370110178268,0.08359379115924193
False,�U����,0.005570868,0.046763482,,,,0.018072800025194357,0.06161847374103018,0.07969127376622454
False,�N�ɤO,0.000253761,0.002732339,,,,0.0008222200051745508,0.0035945798213255983,0.0044167998265001495
False,Myself,2.17e-05,0.0003222,,,,6.933185565530715e-05,0.0004185176040049422,0.0004878494596602493
False,The Great Artist,1.4e-05,0.000173818,,,,4.435032600879967e-05,0.00022298097149931753,0.0002673312975081172
False,I,5.42e-06,8.48e-05,,,,1.6513764402691317e-05,0.00010567375126784946,0.00012218751567054077
False,Mosaic,5.1e-06,7.63e-05,,,,1.5475570962836462e-05,9.447251812435624e-05,0.00010994808908719271
False,Spying On You Behind The Fence,4.62e-06,6.36e-05,,,,1.3918280803054174e-05,7.773655801584287e-05,9.165483881889705e-05
False,Color Photos,4.14e-06,5.94e-05,,,,1.2360990643271889e-05,7.220183105082269e-05,8.456282169409458e-05
False,Friday The 13th,3.03e-06,5.72e-05,,,,8.759757148775353e-06,6.930268835485975e-05,7.80624455036351e-05
False,Fantasy,2.79e-06,5.3e-05,,,,7.98111206888421e-06,6.376796138983958e-05,7.174907345872378e-05
False,Someone,2.63e-06,4.88e-05,,,,7.462015348956784e-06,5.8233234424819396e-05,6.569524977377618e-05
False,Wandering Poet,2.39e-06,4.66e-05,,,,6.6833702690656415e-06,5.5334091728856453e-05,6.20174619979221e-05
