_is_concert,song_name_clean,_stream_cnt_ratio,_uniq_users_ratio,_days_diff_song_concert,_stream_cnt,_uniq_users
1,買你,0.15991039,0.258858635,1512,2998,2082
1,晚安晚安,0.111051846,0.174561731,295,2082,1404
1,香格里拉,0.088542778,0.134029591,588,1660,1078
1,飛鳥,0.073287817,0.102449335,295,1374,824
1,三個字,0.052325581,0.088897178,319,981,715
1,一起去旅行,0.037497333,0.060922541,1652,703,490
0,女人經痛時,0.02890975,0.052716648,1652,542,424
0,一時,0.028536377,0.04998135,295,535,402
1,隕石,0.029229785,0.048738033,295,548,392
0,IF,0.028856411,0.046997389,588,541,378
1,麋人,0.021335609,0.041775457,822,400,336
1,困在,0.023202475,0.040780803,835,435,328
1,門,0.016961809,0.02971528,588,318,239
1,溶話,0.015948368,0.02971528,295,299,239
0,等等等,0.016108385,0.0282233,1522,302,227
0,沒有關係,0.017761895,0.027725973,819,333,223
1,泡泡,0.015788351,0.026606987,1512,296,214
1,吼喲,0.015148282,0.025612334,295,284,206
1,一顆灰塵,0.014614892,0.02536367,827,274,204
1,我不是數學家,0.014774909,0.024244685,827,277,195
0,一刀兩刃,0.012854705,0.02387169,822,241,192
0,拉拉拉拉,0.013174739,0.02387169,1652,247,192
0,嗚,0.014668231,0.023623026,295,275,190
1,問號,0.011894602,0.023250031,827,223,187
0,抽屜,0.011894602,0.020763397,295,223,167
1,你是不會當樹嗎,0.012427992,0.020390402,827,233,164
0,世界末日的某個角落,0.012748026,0.019395748,1652,239,156
1,脫光光,0.008480905,0.016287455,295,159,131
1,局部的人,0.009014295,0.015665796,827,169,126
0,門/香格里拉,0.009120973,0.014671143,176,171,118
0,勾引,0.006934073,0.014049484,295,130,113
0,花王,0.007894175,0.013552157,1652,148,109
0,房間,0.007360785,0.011811513,1652,138,95
0,香水,0.006347344,0.011811513,1652,119,95
0,A Todo Color,0.006827395,0.011314186,1652,128,91
0,優雅的刺蝟,0.005013868,0.010319533,827,94,83
0,鑽石,0.004533817,0.00870322,1652,85,70
0,拖鞋,0.004107105,0.007335571,1652,77,59
0,外星人愛我,0.004267122,0.007335571,827,80,59
0,The Space That You're in,0.003787071,0.006962576,1652,71,56
0,Downtown Cafe,0.003787071,0.006465249,1652,71,52
0,我們,0.000160017,0.000372995,295,3,3
0,你啊你啊,0.20765372,0.422161795,1358,245265,100602
0,彼個所在,0.220729389,0.398830056,254,260709,95042
0,星期三或禮拜三,0.081849085,0.165382582,1108,96674,39411
0,Ophelia,0.044173987,0.110380945,254,52175,26304
0,陪著你,0.050011641,0.094887999,254,59070,22612
0,Don't cry Don't cry,0.037670865,0.078782385,861,44494,18774
0,一萬個不回頭的方法,0.025042227,0.070267979,1344,29578,16745
0,曬傷,0.018641549,0.057015887,718,22018,13587
0,海鷗先生我愛你,0.01983448,0.050217791,254,23427,11967
0,還是要相信愛情啊混蛋們,0.016899989,0.049558963,2282,19961,11810
0,恐慌症,0.019054715,0.048052471,274,22506,11451
0,好嗎好嗎,0.018215684,0.046869099,2254,21515,11169
0,竊笑,0.026893851,0.045425552,254,31765,10825
0,i will be fine,0.013274632,0.037192302,1344,15679,8863
0,既然不再假裝自己不是多愁善感的詩人,0.012491481,0.029722789,254,14754,7083
0,在不確定的世界裡,0.0072922,0.019676713,2254,8613,4689
0,兒歌,0.007249021,0.017012027,254,8562,4054
0,捉迷藏,0.005741137,0.015941956,2254,6781,3799
0,末路狂花,0.005622606,0.014288592,1344,6641,3405
0,暗室之後,0.005596359,0.013986454,2289,6610,3333
0,小魚,0.004787808,0.011779171,1344,5655,2807
0,friDay 超展開,0.004402582,0.011149718,823,5200,2657
1,我爸的筆,0.003682929,0.009651619,2852,4350,2300
0,無聲電影,0.003261297,0.009148056,1344,3852,2180
0,歪,0.003425548,0.009093503,1344,4046,2167
0,愛不愛,0.003021695,0.008854311,2296,3569,2110
0,夢露,0.002393481,0.008321374,1344,2827,1983
0,背景,0.001906657,0.007310052,2254,2252,1742
0,開始和結束之間,0.001644195,0.004443941,2254,1942,1059
0,雪女,0.001138745,0.003042358,1344,1345,725
0,沒有星期五的無人島,0.001308075,0.002601741,2852,1545,620
0,賈科梅蒂,0.000733199,0.002152731,1344,866,513
0,巴黎的憂鬱,0.000729813,0.002123356,2254,862,506
0,ㄧ刀兩刃,0.000629908,0.001930324,622,744,460
0,壞掉的戀曲,0.000551169,0.001682739,2852,651,401
0,黑貓的計謀,0.00054609,0.001661757,2254,645,396
1,"Je t'aime,moi non plus",0.000479204,0.001544259,2852,566,368
0,織花,0.000444491,0.00148551,168,525,354
0,ㄧ閃一閃亮晶晶,0.001137898,0.001456135,611,1344,347
0,睡蓮,0.00034882,0.00099034,2254,412,236
0,胎動,0.00019981,0.000658828,611,236,157
0,我在想一首歌,0.000228596,0.00054133,192,270,129
0,歌蒂拉與三隻熊,0.000187956,0.000432225,611,222,103
0,Opening,0.000101598,0.000394457,611,120,94
0,小黑桑波,0.000121918,0.000390261,611,144,93
0,野天鵝,0.000102445,0.000339905,611,121,81
0,快樂王子,8.81E-05,0.000285352,611,104,68
1,魚,1.61E-05,7.55E-05,2852,19,18
1,我愛你,1.44E-05,5.46E-05,2852,17,13
1,自然捲,8.47E-06,3.78E-05,2852,10,9
1,老處女,3.39E-06,1.26E-05,2852,4,3
1,森山大道,1.69E-06,8.39E-06,2852,2,2
0,神秘嘉賓,0.160405794,0.199788584,291,7131,189
0,傳說,0.109299082,0.189217759,312,4859,179
0,伯樂,0.271279467,0.167019027,277,12060,158
0,殘酷月光,0.149046248,0.094080338,270,6626,89
0,眼色,0.063006118,0.094080338,270,2801,89
0,愛情是圓的,0.0430763,0.077167019,270,1915,73
0,心有林夕,0.037857657,0.05179704,270,1683,49
0,再別康橋,0.039139824,0.045454545,270,1740,43
0,病態,0.038105093,0.039112051,270,1694,37
1,請說,0.047035271,0.032769556,270,2091,31
1,慢一點,0.03234659,0.021141649,270,1438,20
1,說謊,0.116487716,0.354372187,1318,133824,40161
1,想自由,0.086755598,0.275178682,763,99667,31186
0,浪費,0.064419733,0.197352863,343,74007,22366
0,勉強幸福,0.053121233,0.191052678,347,61027,21652
1,傻子,0.074953104,0.18553781,346,86108,21027
1,自然醒,0.056154767,0.175911056,756,64512,19936
1,誘,0.040818227,0.166584311,367,46893,18879
1,我總是一個人在練習一個人,0.034164472,0.124309539,756,39249,14088
1,心酸,0.028504777,0.112847437,1302,32747,12789
1,思凡,0.027790133,0.102814789,364,31926,11652
1,感同身受,0.024769656,0.08889085,1309,28456,10074
0,愛情的背影,0.018721737,0.076705197,120,21508,8693
0,越反越愛,0.012858355,0.05461043,343,14772,6189
1,Runaway Mama,0.011658869,0.052228007,343,13394,5919
1,晚安,0.009622876,0.044251302,772,11055,5015
0,紀念品,0.012110635,0.043739522,756,13913,4957
0,拾荒,0.009685548,0.042274773,343,11127,4791
1,看見什麼吃什麼,0.008708898,0.041110033,1318,10005,4659
0,我只在乎你,0.012367419,0.040518839,115,14208,4592
0,擁有,0.009992819,0.037836407,756,11480,4288
1,飄,0.005842491,0.030830319,1302,6712,3494
0,I Wish You Love,0.005879921,0.029630283,333,6755,3358
1,歇斯底里,0.006583248,0.029012618,1302,7563,3288
0,4號病房,0.005803321,0.028359658,343,6667,3214
0,週末夜驚魂,0.005547407,0.027724345,343,6373,3142
0,倒帶人生,0.005923444,0.026515486,116,6805,3005
0,Singing In The Rain,0.005193132,0.024441895,115,5966,2770
1,想念,0.0052854,0.024238948,756,6072,2747
0,來不及,0.00484495,0.024053649,116,5566,2726
1,不換,0.004827541,0.023577164,756,5546,2672
1,耳朵,0.005580484,0.023541869,1302,6411,2668
1,早開的晚霞,0.005575262,0.02265949,756,6405,2568
0,Everyday,0.004085043,0.019791759,1092,4693,2243
0,關於我,0.003628055,0.019553516,1302,4168,2216
0,Syrup,0.003598459,0.018424071,333,4134,2088
0,開到荼蘼,0.003812591,0.017471102,1492,4380,1980
0,As Time Goes By,0.003545362,0.016641666,115,4073,1886
0,Mercy  Mercy  Me,0.003662002,0.01653578,116,4207,1874
1,唐人街,0.003833482,0.016218124,1302,4404,1838
0,Untitled,0.002884687,0.016165181,333,3314,1832
0,聖誕歌,0.003094466,0.016015177,333,3555,1815
0,Yesterday's News,0.003097077,0.014382776,115,3558,1630
0,Lovely Day,0.00279503,0.013747463,115,3211,1558
0,我要我們在一起,0.00400235,0.013676873,1501,4598,1550
0,Waltz for Koop,0.002656627,0.013323921,116,3052,1510
0,Fly my way,0.002609623,0.01304156,756,2998,1478
0,解High人,0.002607882,0.012626842,1302,2996,1431
0,How Deep Is Your Love,0.00250865,0.012070943,115,2882,1368
0,No Surprises,0.002270146,0.01194741,116,2608,1354
0,I Can't Make You Love Me,0.002230975,0.01187682,115,2563,1346
1,另一個自己,0.002557396,0.011823877,1302,2938,1340
0,對不起謝謝,0.002456423,0.009423807,1505,2822,1068
1,羅密歐與茱麗葉,0.001642548,0.008117886,1078,1887,920
0,Darling,0.0011107,0.006300185,1082,1276,714
0,躺在你的衣櫃,0.001486736,0.006247243,1502,1708,708
0,對你愛不完,0.001137684,0.005091326,1500,1307,577
0,查無此人,0.000963593,0.00426189,1495,1107,483
0,Love Fool,0.000779927,0.003873643,1499,896,439
0,STAND BY ME,0.000704198,0.003714815,1498,809,421
0,狂人日記,0.000711161,0.003661872,1494,817,415
0,請說/慢一點,0.000695493,0.003238331,1491,799,367
0,OH MY LOVE,0.000625857,0.003105974,1494,719,352
0,The Hindu Times,0.000511827,0.002885379,1078,588,327
0,First of the gang to die,0.000510957,0.002682432,1078,587,304
1,美妙生活,5.22E-06,1.76E-05,756,6,2
0,天真有邪,0.172665975,0.434604177,168,638957,174946
0,全世界誰傾聽你,0.07004495,0.163039293,61,259204,65630
0,長大的童話,0.032861168,0.16144194,5,121604,64987
0,寵兒,0.040054176,0.10075247,166,148222,40557
0,熱血無賴,0.02761058,0.090293908,183,102174,36347
0,我已經敢想你,0.029323034,0.073947747,166,108511,29767
0,讓世界毀滅,0.020723473,0.057522091,166,76688,23155
0,一點點,0.018798077,0.056888615,166,69563,22900
0,我夢見你夢見我,0.016627582,0.043632822,166,61531,17564
0,飛,0.010748978,0.034518223,166,39777,13895
0,天上的男人 地上的女人,0.011140812,0.034016411,320,41227,13693
0,壞與更壞,0.010414161,0.033651231,166,38538,13546
0,白晝之月,0.009579148,0.032327142,166,35448,13013
0,勿忘你,0.01045929,0.030888779,166,38705,12434
0,Still Open After 10 p.m.,0.004239384,0.017846629,166,15688,7184
0,"Off, Do Not Disturb.",0.004191823,0.016480309,166,15512,6634
1,口的形狀,0.002320744,0.011129301,953,8588,4480
0,我愛的人,0.003298169,0.010267277,1244,12205,4133
0,那首歌,0.001828923,0.006757076,1244,6768,2720
0,大象舞台,0.000999314,0.005045449,922,3698,2031
0,背影,0.001046064,0.004528731,1244,3871,1823
0,你是我的眼,0.000255909,0.001045856,1244,947,421
0,離開地球表面,0.000170246,0.000919161,1244,630,370
0,金粉世家,0.000126468,0.000583791,1244,468,235
0,彩虹,0.146439194,0.305150869,36,300081,5006
1,牛仔很忙,0.092455293,0.28095093,50,189458,4609
1,陽光宅男,0.097069323,0.183846388,29,198913,3016
0,我不配,0.094938232,0.133678756,22,194546,2193
1,不能說的秘密,0.0297611,0.118622371,161,60986,1946
1,最長的電影,0.070256712,0.115391649,29,143969,1893
1,無雙,0.047222188,0.087412374,29,96767,1434
0,青花瓷,0.043716892,0.06741847,22,89584,1106
1,蒲公英的約定,0.056602991,0.063700091,22,115990,1045
1,甜甜的,0.037758426,0.046814995,22,77374,768
0,扯,0.027427001,0.038341969,22,56203,629
0,珊瑚海,0.010173313,0.030417556,759,20847,499
1,髮如雪,0.005344564,0.023590369,760,10952,387
0,千里之外 - feat.費玉清,0.008262797,0.022432185,464,16932,368
1,退後,0.007890942,0.020359646,451,16170,334
1,菊花台,0.006694369,0.019445291,451,13718,319
1,聽媽媽的話,0.005497307,0.019201463,451,11265,315
0,安靜,0.004573526,0.015178299,1367,9372,249
0,晴天娃娃,0.005512435,0.014629686,106,11296,240
0,七里香,0.005222564,0.012130448,1225,10702,199
1,夜曲,0.006333738,0.011459921,772,12979,188
0,路小雨,0.005075676,0.011338007,106,10401,186
0,藉口,0.005001501,0.010423651,1214,10249,171
0,一路向北,0.003852751,0.010423651,903,7895,171
0,楓,0.006009218,0.010362694,756,12314,170
1,白色風車,0.004360758,0.010179823,451,8936,167
0,小雨寫立可白Ⅰ,0.003338888,0.009692167,107,6842,159
0,First Kiss,0.002939705,0.009570253,106,6024,157
0,情人的眼淚,0.00163382,0.009387382,106,3348,154
0,晴天,0.003378416,0.009326425,1367,6923,153
0,園遊會,0.002342883,0.008533984,1214,4801,140
0,鬥琴,0.003610216,0.008351112,106,7398,137
1,霍元甲,0.003249585,0.008290155,688,6659,136
0,簡單愛,0.003083665,0.008046327,1367,6319,132
0,湘倫小雨四手聯彈,0.004267062,0.007863456,106,8744,129
0,擱淺,0.004590606,0.007863456,1214,9407,129
1,本草綱目,0.002726938,0.007741542,451,5588,127
0,心雨,0.002906033,0.007619628,451,5955,125
0,父與子,0.001981763,0.007558671,106,4061,124
0,夜的第七章,0.002810874,0.007558671,453,5760,124
0,腳踏車,0.002867481,0.007436757,106,5876,122
0,星晴,0.003174433,0.0073758,1367,6505,121
0,以父之名,0.001838292,0.007192929,1367,3767,118
0,淡水海邊,0.002877241,0.007192929,106,5896,118
1,迷迭香,0.001985179,0.007131972,451,4068,117
0,早操,0.002675698,0.007131972,106,5483,117
0,四面楚歌,0.001687988,0.006949101,756,3459,114
0,黑色毛衣,0.003922535,0.00676623,756,8038,111
0,回到過去,0.003249585,0.006583359,1367,6659,108
0,黑色幽默,0.002415106,0.005790917,1367,4949,95
1,雙截棍,0.00177534,0.005669003,1367,3638,93
1,黃金甲,0.002284811,0.005608046,357,4682,92
0,暗號,0.001783148,0.005425175,1367,3654,89
0,軌跡,0.002805018,0.005181347,1367,5748,85
0,可愛女人,0.00154842,0.005059433,1367,3173,83
0,分裂,0.001204381,0.004998476,1367,2468,82
0,愛在西元前,0.002491234,0.004876562,1367,5105,80
0,半島鐵盒,0.002105715,0.004754648,1367,4315,78
0,Secret-慢版,0.002367283,0.004754648,106,4851,78
0,開不了口,0.002976793,0.004693691,1367,6100,77
0,東風破,0.002210635,0.004571777,1367,4530,75
0,女孩別為我哭泣,0.002736698,0.004571777,106,5608,75
0,浪漫手機,0.002254555,0.004571777,759,4620,75
0,最後的戰役,0.002146707,0.00451082,1367,4399,74
0,Ride With Me,0.002266267,0.00451082,106,4644,74
0,紅模仿,0.001945652,0.00451082,451,3987,74
0,爸我回來了,0.001691892,0.004266992,1367,3467,70
0,止戰之殤,0.001762164,0.004206035,1214,3611,69
0,上海一九四三,0.001462045,0.004206035,1367,2996,69
0,她的睫毛,0.001815844,0.004206035,1367,3721,69
0,斷了的弦,0.002240403,0.004084121,1367,4591,67
0,琴房,0.002351179,0.004023164,106,4818,66
0,外婆,0.001309789,0.003962207,1214,2684,65
0,The Swan,0.001844148,0.00390125,106,3779,64
0,小雨寫立可白Ⅱ,0.00258981,0.003840293,106,5307,63
0,妳聽得到,0.001559156,0.003779336,1367,3195,62
0,飄移,0.001607468,0.003779336,932,3294,62
0,愛情懸崖,0.001415197,0.003535507,1367,2900,58
0,阿郎與阿寶,0.001539148,0.003535507,106,3154,58
0,Flash Back,0.001673348,0.00347455,106,3429,57
0,Secret-加長快版,0.002858697,0.003413593,106,5858,56
0,Angel,0.002002259,0.003352636,106,4103,55
0,瓦解,0.001341509,0.003291679,1043,2749,54
0,與父共舞,0.001652852,0.003230722,106,3387,53
0,三年二班,0.000926222,0.003047851,1367,1898,50
0,亂舞春秋,0.000856926,0.002986894,1214,1756,49
0,將軍,0.000941838,0.002925937,1214,1930,48
0,反方向的鐘,0.001006254,0.002925937,1367,2062,48
0,藍色風暴,0.000906702,0.00286498,756,1858,47
0,Ending,0.002017387,0.00286498,106,4134,47
0,龍捲風,0.001789004,0.002804023,1367,3666,46
0,爺爺泡的茶,0.001438133,0.002743066,1367,2947,45
0,對不起,0.000817886,0.002682109,1367,1676,44
0,我的地盤,0.00088523,0.002621152,1214,1814,43
0,梯田,0.000805198,0.002621152,1367,1650,43
0,娘子,0.000570471,0.002194453,1367,1169,36
0,獻世,0.000736878,0.002194453,679,1510,36
1,麥芽糖,0.001251229,0.002011582,756,2564,33
0,雙刀,0.00070223,0.002011582,1367,1439,33
0,逆鱗,0.000747126,0.001889668,756,1531,31
0,菊花台 [杰倫鋼琴演奏版],0.000573887,0.001889668,357,1176,31
0,一路上有你/分手總要在雨天,0.000449447,0.001889668,1289,921,31
0,一路上有你,0.000449447,0.001889668,1289,921,31
0,分手總要在雨天,0.000449447,0.001889668,1289,921,31
0,你怎麼連話都說不清楚,0.000918414,0.001828711,1289,1882,30
0,威廉古堡,0.000901822,0.001828711,1367,1848,30
0,星晴/回到過去/最後的戰役/愛我別走,0.000647575,0.001828711,1033,1327,30
0,愛我別走,0.000647575,0.001828711,1033,1327,30
0,倒帶,0.000914998,0.001706797,1043,1875,28
0,鬥牛,0.00074859,0.001584883,1367,1534,26
0,困獸之鬥,0.000637327,0.001584883,1214,1306,26
0,龍拳,0.000960382,0.001523926,1367,1968,25
0,忍者,0.001021382,0.001523926,1367,2093,25
0,完美主義,0.000626591,0.001523926,1367,1284,25
0,找自己,0.00099503,0.001462969,1225,2039,24
0,伊斯坦堡,0.000596823,0.001462969,1367,1223,24
0,半獸人,0.00090475,0.001402012,1367,1854,23
0,印地安老斑鳩,0.000570959,0.001280098,1367,1170,21
0,火車叨位去,0.000511911,0.001158183,1367,1049,19
0,同一種調調,0.000495807,0.001097226,1367,1016,18
0,米蘭的小鐵匠,0.000685638,0.000975312,1367,1405,16
0,梯田/爸我回來了,0.000342575,0.000975312,1033,702,16
0,雙刀/雙截棍/龍拳,0.000290847,0.000853398,1033,596,14
0,懦夫,0.000493855,0.000731484,1367,1012,12
0,黃金甲 [OS版],0.000347943,0.00060957,361,713,10
0,七里香 [OS版],0.000105408,0.000426699,1221,216,7
0,說了再見,0.078296094,0.155186866,317,19406,10738
0,天地一鬥,0.047499738,0.105572738,36,11773,7305
1,說好的幸福呢,0.044893365,0.097132699,903,11127,6721
0,給我一首歌的時間,0.029259161,0.065251322,898,7252,4515
1,稻香,0.025079281,0.058704512,919,6216,4062
0,超人不會飛,0.024470051,0.054629014,337,6065,3780
1,雨下一整晚,0.017732213,0.040841691,317,4395,2826
0,煙花易冷,0.01381055,0.034135908,317,3423,2362
0,好久不見,0.012281424,0.030999798,317,3044,2145
0,自導自演,0.011002445,0.023802642,317,2727,1647
1,跨時代,0.009529804,0.023065584,325,2362,1596
0,我落淚．情緒零碎,0.009985717,0.022848802,317,2475,1581
1,愛的飛行日記,0.010441631,0.0221551,317,2588,1533
0,蘭亭序,0.008831812,0.020305229,898,2189,1405
0,世界末日,0.006685387,0.015521577,1052,1657,1074
1,免費教學錄影帶,0.0061044,0.015333699,317,1513,1061
1,龍戰騎士,0.005648487,0.012703414,898,1400,879
0,花海,0.005265196,0.012226494,898,1305,846
1,時光機,0.00467614,0.011157037,898,1159,772
1,魔術先生,0.004313023,0.011026968,898,1069,763
1,嘻哈空姐,0.004280746,0.010896899,317,1061,754
1,蛇舞,0.003510131,0.008685724,898,870,601
0,喬克叔叔,0.002848451,0.007558459,909,706,523
0,流浪詩人,0.002674962,0.007081539,898,663,490
0,周大俠,0.002408676,0.005751944,1168,597,398
0,千里之外,0.002154494,0.005347284,1142,534,370
0,千山萬水,0.002134321,0.00531838,973,529,368
0,明明就,0.126943813,0.596145528,110,1194711,217766
0,傻笑,0.064171966,0.375353828,93,603944,137113
0,紅塵客棧,0.048544431,0.331917107,110,456868,121246
0,大笨鐘,0.051554205,0.325056804,97,485194,118740
0,愛你沒差,0.055908634,0.32252457,93,526175,117815
0,公公偏頭痛,0.034226487,0.249478497,93,322117,91132
0,烏克麗麗,0.025332214,0.155178078,93,238410,56685
0,手語,0.018880633,0.147638862,97,177692,53931
0,哪裡都是你,0.018232054,0.132976539,93,171588,48575
0,比較大的大提琴,0.014048163,0.129209669,97,132212,47199
0,Mine Mine,0.012988697,0.11706863,516,122241,42764
0,夢想啟動,0.016916194,0.11639793,93,159204,42519
0,四季列車,0.010845537,0.100030113,93,102071,36540
0,公主病,0.008542676,0.077218101,506,80398,28207
0,你好嗎,0.006903482,0.065703961,512,64971,24001
0,水手怕水,0.005860273,0.059872978,506,55153,21871
0,世界未末日,0.004316709,0.041476635,506,40626,15151
0,療傷燒肉粽,0.002465643,0.027167456,506,23205,9924
0,超跑女神,0.002867605,0.022636809,506,26988,8269
0,驚嘆號,0.002122971,0.022102987,523,19980,8074
0,迷魂曲,0.001526244,0.01569438,512,14364,5733
0,皮影戲,0.001216193,0.013920447,532,11446,5085
0,琴傷,0.001182297,0.013055381,506,11127,4769
0,說好的幸福呢/淘汰/青花瓷,0.001312035,0.010539571,678,12348,3850
0,淘汰,0.001312035,0.010539571,678,12348,3850
0,世界末日 [live版],0.000656124,0.006318268,1784,6175,2308
1,你是我的OK繃,0.000576751,0.005549016,678,5428,2027
1,想你就寫信,0.000481334,0.005349175,678,4530,1954
0,爸我回來了/心事誰人知,0.000437664,0.004445783,678,4119,1624
0,心事誰人知,0.000437664,0.004445783,678,4119,1624
0,算什麼男人,0.052828914,0.412992686,468,933470,257719
0,聽見下雨的聲音,0.047197403,0.373124283,461,833963,232840
0,聽爸爸的話,0.039904401,0.312365791,461,705098,194925
0,手寫的從前,0.032628208,0.267670681,461,576530,167034
0,英雄,0.008751262,0.119941733,7,154632,74847
0,怎麼了,0.008468065,0.083094028,461,149628,51853
0,天涯過客,0.005658167,0.053489587,461,99978,33379
0,鞋子特大號,0.004088472,0.043650285,480,72242,27239
0,美人魚,0.003546923,0.033229278,461,62673,20736
0,我要夏天,0.003137125,0.030633241,461,55432,19116
0,陽明山,0.002444753,0.028622113,461,43198,17861
0,一口氣全唸對,0.002385499,0.025570968,461,42151,15957
0,竊愛,0.001670658,0.020750671,461,29520,12949
0,波爺,0.000971042,0.012851987,1032,17158,8020
0,蝸牛,0.00120653,0.011076426,1047,21319,6912
0,你比從前快樂,0.000720556,0.006395546,1046,12732,3991
1,天台,0.000338093,0.004299487,994,5974,2683
0,天台的月光,0.000375785,0.003922901,994,6640,2448
1,打架舞,0.000253711,0.003818739,1032,4483,2383
1,快門慢舞,0.000214039,0.00299025,994,3782,1866
0,錢難賺,0.000163217,0.002780324,994,2884,1735
0,美術館,0.00025224,0.002331626,994,4457,1455
0,大明星,0.000125922,0.001539995,994,2225,961
0,狗仔舞,7.01E-05,0.001088092,994,1239,679
0,保齡男孩,5.41E-05,0.00108008,994,956,674
0,浪子膏,5.08E-05,0.0010288,994,897,642
0,美景,5.25E-05,0.000987135,994,928,616
0,屋頂上的願望,6.01E-05,0.000963098,994,1062,601
0,情人湖夜市,5.54E-05,0.000902203,994,979,563
0,龍門澡堂,5.03E-05,0.000898998,994,888,561
0,氣勢,5.31E-05,0.000876563,994,938,547
0,逛夜市,5.18E-05,0.000844513,994,915,527
0,兄弟的安慰,8.56E-05,0.000782016,994,1513,488
0,竹竿舞,3.75E-05,0.000741954,994,663,463
0,阿郎的童年,4.13E-05,0.000741954,994,730,463
0,水管的友情,4.22E-05,0.000740351,994,746,462
0,撈金魚,4.67E-05,0.000732339,994,825,457
0,Goodbye,4.06E-05,0.000722724,994,717,451
0,Strike,3.59E-05,0.000719519,994,635,449
0,悲劇的序幕,3.69E-05,0.000703494,994,652,439
0,熱血碼頭,3.67E-05,0.000701892,994,648,438
0,英雄之歌,3.58E-05,0.000697084,994,633,435
0,無助,5.28E-05,0.000657022,994,933,410
0,骰子,3.34E-05,0.000634587,994,591,396
0,亡命追逐,3.38E-05,0.000629779,994,598,393
0,威少的陷阱,3.27E-05,0.000628177,994,577,392
0,告白氣球,0.175685127,0.671359038,221,4153455,524416
0,不該,0.096838979,0.584895395,228,2289416,456877
0,愛情廢柴,0.040898469,0.317428942,221,966900,247952
0,床邊故事,0.007481133,0.073451658,237,176865,57375
0,說走就走,0.007062251,0.063184429,221,166962,49355
0,前世情人,0.005056369,0.054479047,237,119540,42555
0,Now You See Me,0.004034436,0.042872725,228,95380,33489
0,土耳其冰淇淋,0.003583153,0.036497313,221,84711,28509
0,彩虹/軌跡,0.000504283,0.005270597,266,11922,4117
0,鬥牛/水手怕水/大笨鐘,0.00020519,0.002930385,266,4851,2289
0,小幸運,0.308228053,0.758849631,479,2294797,505535
0,餘波盪漾,0.134240826,0.394607512,119,999440,262882
1,不醉不會,0.045910835,0.167426214,1067,341812,111537
1,你就不要想起我,0.045363229,0.16631091,1071,337735,110794
1,愛著愛著就永遠,0.044656189,0.164848856,1067,332471,109820
1,寂寞寂寞就好,0.037123746,0.14608833,2259,276391,97322
1,還是要幸福,0.030117418,0.116500497,1886,224228,77611
1,魔鬼中的天使,0.02760517,0.099988592,1886,205524,66611
0,人間煙火,0.024400121,0.096277916,135,181662,64139
0,看淡,0.03182162,0.094898422,314,236916,63220
0,日常,0.024042303,0.087886866,110,178998,58549
0,靈魂伴侶,0.029392111,0.084755609,110,218828,56463
1,我想我不會愛你,0.018675437,0.07710159,2250,139041,51364
1,你太猖狂,0.014788465,0.065917026,2250,110102,43913
1,渺小,0.014497402,0.064903796,1081,107935,43238
1,My Love,0.010840648,0.053612655,1903,80710,35716
0,獨善其身,0.01615728,0.048270303,110,120293,32157
0,無用,0.011866957,0.047339632,110,88351,31537
0,身體都知道,0.010842125,0.041378834,110,80721,27566
0,什麼，哪裡,0.009511188,0.037621625,110,70812,25063
0,LOVE!,0.007652254,0.036392239,2271,56972,24244
1,請你給我好一點的情敵,0.006826479,0.036242131,1886,50824,24144
0,念念有詞,0.0080732,0.033876425,110,60106,22568
0,這個人已經與我無關,0.007107199,0.030146235,1067,52914,20083
0,慢舞,0.007190206,0.029491764,110,53532,19647
1,矛盾,0.006377863,0.028774246,1067,47484,19169
1,口袋的溫度,0.004870165,0.025790095,1067,36259,17181
1,To Hebe,0.004826378,0.024914964,2250,35933,16598
1,花花世界,0.004684406,0.024269498,1886,34876,16168
1,終身大事,0.005293798,0.023056624,1067,39413,15360
1,無常,0.004537196,0.021388921,1067,33780,14249
1,超級瑪麗,0.003221302,0.019228864,2250,23983,12810
0,囚鳥,0.005715148,0.019005203,1746,42550,12661
1,你快樂未必我快樂,0.003098671,0.016003038,1067,23070,10661
0,葉子,0.003602088,0.014404386,2117,26818,9596
1,無事生非,0.002525545,0.011718949,1886,18803,7807
0,妳,0.002498816,0.01160937,1886,18604,7734
0,LOVE?,0.00199728,0.009122077,2271,14870,6077
1,十萬嬉皮,0.001788821,0.008905921,580,13318,5933
1,我對不起我,0.001803327,0.008394052,2250,13426,5592
1,烏托邦,0.001550141,0.008003771,1886,11541,5332
1,離島,0.001535501,0.00787768,2250,11432,5248
0,Love !,0.001614076,0.00741985,2117,12017,4943
0,開門見山,0.001338728,0.007091113,1746,9967,4724
1,要說什麼,0.001341683,0.007044579,1886,9989,4693
0,影子的影子,0.001500713,0.006871955,1886,11173,4578
0,舞孃,0.001293732,0.006550723,2117,9632,4364
0,給小孩,0.00141005,0.006453153,2250,10498,4299
0,愛情,0.001361024,0.00599232,1746,10133,3992
0,沒有管理員的公寓,0.000929601,0.004362145,2250,6921,2906
0,You’re Beautiful,0.000697772,0.003096733,2117,5195,2063
0,情歌,0.000715367,0.002865566,2117,5326,1909
0,將愛,0.000340223,0.001856839,1746,2533,1237
0,Come Together,0.000364937,0.001756266,2117,2717,1170
0,等著你回來,0.000292272,0.001507087,1746,2176,1004
1,溫柔,0.032673888,0.034920635,362,365,11
1,瘋狂世界,0.012980038,0.031746032,362,145,10
1,輕功,0.010831618,0.031746032,362,121,10
0,生命有一種絕對,0.00930982,0.028571429,362,104,9
1,志明與春嬌,0.021394683,0.025396825,362,239,8
0,純真,0.016381703,0.025396825,362,183,8
1,而我知道,0.02721332,0.025396825,362,304,8
1,心中無別人,0.01289052,0.022222222,362,144,7
1,擁抱,0.015486528,0.022222222,362,173,7
1,終結孤單,0.00966789,0.022222222,362,108,7
1,人生海海,0.011637275,0.022222222,362,130,7
0,好不好,0.014770388,0.022222222,362,165,7
1,軋車,0.016202668,0.022222222,362,181,7
1,憨人,0.016381703,0.022222222,362,183,7
1,垃圾車,0.118700206,0.019047619,115,1326,6
1,叫我第一名,0.007429953,0.019047619,362,83,6
1,孫悟空,0.072240623,0.019047619,117,807,6
1,愛情萬歲,0.004565393,0.019047619,362,51,6
1,OK啦,0.004744428,0.019047619,362,53,6
1,I Love You無望,0.01647122,0.019047619,362,184,6
0,透露,0.00680333,0.019047619,362,76,6
1,武裝,0.009041268,0.019047619,362,101,6
1,相信,0.007429953,0.019047619,362,83,6
1,恆星的恆心,0.023453585,0.015873016,362,262,5
1,倔強,0.088801361,0.015873016,135,992,5
0,候鳥,0.005908155,0.015873016,362,66,5
1,一顆蘋果,0.005460568,0.015873016,362,61,5
0,能不能不要說,0.006266225,0.015873016,362,70,5
0,永遠的永遠,0.005102498,0.015873016,362,57,5
0,雌雄同體,0.008772715,0.015873016,362,98,5
0,為什麼,0.003670218,0.012698413,362,41,4
0,愛情的模樣,0.00644526,0.012698413,362,72,4
0,借問眾神明,0.004475875,0.012698413,362,50,4
0,明白,0.004565393,0.012698413,362,51,4
0,Talking,0.001342763,0.012698413,335,15,4
0,我,0.002775043,0.012698413,362,31,4
0,王子麵,0.008414645,0.012698413,362,94,4
1,約翰藍儂,0.017008325,0.00952381,115,190,3
0,Intro,0.001969385,0.00952381,362,22,3
0,風若吹,0.002327455,0.00952381,362,26,3
0,錯錯錯,0.017455913,0.00952381,115,195,3
1,賭神,0.004744428,0.00952381,362,53,3
0,九號球,0.010115478,0.00952381,362,113,3
1,超人,0.050040283,0.00952381,115,559,3
1,小護士,0.025243935,0.00952381,115,282,3
0,搖滾本事,0.002775043,0.00952381,362,31,3
0,啾啾啾,0.00179035,0.00952381,362,20,3
0,讓我照顧你,0.043057918,0.00952381,115,481,3
0,寂寞星球,0.005281533,0.00952381,147,59,3
1,回來吧,0.02649718,0.00952381,115,296,3
1,晚安 地球人,0.011189688,0.00952381,115,125,3
1,聖誕夜驚魂,0.01969385,0.00952381,115,220,3
0,有你的將來,0.00608719,0.006349206,362,68,2
0,我愛夏天,0.000895175,0.006349206,362,10,2
0,生活,0.002685525,0.006349206,362,30,2
0,反而,0.00250649,0.006349206,362,28,2
0,嘿我要走了,0.002775043,0.006349206,362,31,2
0,神的孩子都在跳舞,0.016381703,0.006349206,115,183,2
0,I'm In Love,0.001879868,0.006349206,362,21,2
0,在這一秒,0.002775043,0.006349206,362,31,2
0,Hosee,0.002416973,0.006349206,362,27,2
0,阿姆斯壯,0.004833945,0.006349206,362,54,2
0,鯊魚搖滾,0.000447588,0.006349206,362,5,2
0,別惹我,0.002775043,0.006349206,362,31,2
0,黑白講,0.002685525,0.006349206,362,30,2
0,小時候,0.002775043,0.006349206,362,31,2
0,探母,0.001163728,0.006349206,147,13,2
0,雨眠,0.002685525,0.006349206,362,30,2
0,左鍵-少男少女ICQ,0.000626623,0.006349206,362,7,2
0,那一年的花季,0.001163728,0.006349206,147,13,2
0,向前走,0.001879868,0.006349206,335,21,2
0,天天想你,0.006266225,0.006349206,362,70,2
0,闖,0.001521798,0.006349206,362,17,2
0,火花一般,0.000268553,0.003174603,362,3,1
0,武裝以後,0.00035807,0.003174603,147,4,1
0,年華,0.000268553,0.003174603,362,3,1
0,金賽的迷惑,0.000179035,0.003174603,361,2,1
0,哪一樓的啊,8.95E-05,0.003174603,147,1,1
0,一個人的表情,0.000268553,0.003174603,361,3,1
0,尋根,0.00035807,0.003174603,147,4,1
0,寂寞星球 人人寂寞,0.000268553,0.003174603,147,3,1
0,三義之夏,0.000179035,0.003174603,147,2,1
0,羅蜜歐與茱麗葉,0.000447588,0.003174603,362,5,1
0,企鵝午後,0.000179035,0.003174603,362,2,1
0,五月天之戀序曲,0.000447588,0.003174603,147,5,1
0,愛是綠洲,0.000626623,0.003174603,147,7,1
0,Ho See,0.000805658,0.003174603,362,9,1
0,靈魂能有多重,0.000179035,0.003174603,147,2,1
0,如果我是石頭,0.00071614,0.003174603,147,8,1
0,三城記,0.000447588,0.003174603,147,5,1
0,公路電影,8.95E-05,0.003174603,362,1,1
0,誠品激突,0.000537105,0.003174603,147,6,1
0,故事都隨風,0.000537105,0.003174603,147,6,1
0,海豚的歌,0.000447588,0.003174603,362,5,1
0,.....的愉快,0.000537105,0.003174603,362,6,1
0,青島巴士,0.000179035,0.003174603,147,2,1
0,嘿！我要走了,0.00035807,0.003174603,362,4,1
0,花,0.034144121,0.005076142,100,525,1
0,燕尾蝶,0.016844433,0.005076142,64,259,1
0,Talking Of Mayday,0.005332986,0.005076142,64,82,1
0,神的孩子都混在一起,0.004552549,0.005076142,64,70,1
0,Tears For Feas,0.003577003,0.005076142,64,55,1
0,The Heart Beat Of 反擊,0.002861602,0.005076142,64,44,1
0,孫悟空/放手,0.011901665,0.005076142,64,183,1
0,Enrich Your Life讓我照顧你,0.005007804,0.005076142,64,77,1
0,這個世界,0.007349116,0.005076142,64,113,1
0,擁抱/相信,0.00617846,0.005076142,64,95,1
0,愛情萬歲/脫掉,0.009690427,0.005076142,64,149,1
0,旅途上,0.000325182,0.005076142,515,5,1
0,Intro紅,0.007023933,0.005076142,64,108,1
0,放手,0.011901665,0.005076142,64,183,1
0,脫掉,0.009690427,0.005076142,64,149,1
0,你快樂嗎,0.00291409,0.046511628,546,156,6
0,我知道你很難過,0.007247866,0.046511628,546,388,6
0,You Gotta Know,0.002036127,0.046511628,546,109,6
0,Show Your Love,0.002596529,0.046511628,546,139,6
0,如果不想要,0.003175611,0.046511628,546,170,6
0,什麼樣的愛,0.002970131,0.03875969,546,159,5
0,Take It Easy,0.001401005,0.03875969,546,75,5
0,你還愛我嗎,0.00549194,0.03875969,546,294,5
0,Because Of You,0.001438365,0.03875969,546,77,5
0,Don't Stop,0.002577849,0.03875969,546,138,5
0,捨不得,0.002409729,0.03875969,546,129,5
0,愛上了一條街,0.003605253,0.03875969,546,193,5
0,Lucky Number,0.001344965,0.03875969,546,72,5
0,The Rose,0.001102124,0.031007752,546,59,4
0,感覺你的存在,0.002260288,0.031007752,546,121,4
0,孤單的人總說無所謂,0.003063531,0.031007752,546,164,4
0,怪我太年輕,0.001755926,0.031007752,546,94,4
0,和世界做鄰居,0.001793286,0.031007752,546,96,4
0,快有愛,0.001270245,0.023255814,546,68,3
0,Sugar Sugar,0.000803243,0.023255814,546,43,3
0,猜想,0.000821923,0.023255814,546,44,3
0,看緊我,0.000840603,0.023255814,546,45,3
0,Bridge Over Troubled Water,0.000616442,0.023255814,546,33,3
0,上街,0.000803243,0.023255814,546,43,3
0,只有一個你,0.000859283,0.023255814,546,46,3
0,空白,0.000728523,0.023255814,546,39,3
0,嗨,0.000635122,0.015503876,546,34,2
1,海盜,0.009526834,0.015503876,546,510,2
1,騎士精神,0.008835671,0.015503876,546,473,2
1,說愛你,0.016606579,0.015503876,546,889,2
1,就是愛,0.01391665,0.015503876,546,745,2
1,Love Love Love,0.014551772,0.015503876,546,779,2
0,看我72變,0.016625259,0.015503876,546,890,2
1,爆米花的味道,0.006911625,0.015503876,546,370,2
0,永恆,0.000523042,0.015503876,546,28,2
0,如果那天你說愛我,0.001307605,0.015503876,546,70,2
1,乖貓,0.010311397,0.015503876,546,552,2
0,由我,0.000803243,0.015503876,546,43,2
0,捕手,0.000821923,0.015503876,546,44,2
0,唱這首歌,0.000560402,0.015503876,546,30,2
0,睜一隻眼閉一隻眼,0.11519997,0.007751938,128,6167,1
0,Baby Face,0.000467002,0.007751938,546,25,1
0,酸甜,0.03084079,0.007751938,128,1651,1
0,OH ! OH !,0.035492126,0.007751938,128,1900,1
0,一眼就看見,0.000523042,0.007751938,546,28,1
0,獨佔神話,0.063493546,0.007751938,128,3399,1
0,布拉格廣場,0.010741038,0.007751938,546,575,1
1,Prove It,0.002596529,0.007751938,546,139,1
1,檸檬草的味道,0.016083537,0.007751938,546,861,1
1,始作俑者,0.004950218,0.007751938,546,265,1
1,第一優先,0.003156931,0.007751938,546,169,1
0,馬甲上的繩索,0.002596529,0.007751938,546,139,1
1,做一天的你,0.005080978,0.007751938,546,272,1
1,奴隸船,0.002073487,0.007751938,546,111,1
1,假面的告白,0.00575346,0.007751938,546,308,1
1,消失的城堡,0.004034894,0.007751938,546,216,1
0,好想你,0.032054994,0.007751938,128,1716,1
0,野蠻遊戲,0.078885921,0.007751938,128,4223,1
0,漂浮,0.000186801,0.007751938,546,10,1
0,Pretty Pretty Day,0.000298881,0.007751938,546,16,1
0,開場白,0.022733641,0.007751938,128,1217,1
0,天空,0.109390469,0.007751938,128,5856,1
0,愛上一條街,0.000429642,0.007751938,546,23,1
0,許願池的希臘少女,0.097902229,0.007751938,128,5241,1
1,愛情36計,0.016475819,0.007751938,546,882,1
1,招牌動作,0.016176938,0.007751938,261,866,1
0,單身公害,0.014607812,0.007751938,293,782,1
0,好東西,0.002222928,0.007751938,546,119,1
0,飄浮,0.000242841,0.007751938,546,13,1
0,反覆記號,0.074421385,0.007751938,128,3984,1
0,追殺邱比特,0.023817085,0.007751938,128,1275,1
0,Good-bye,0.000149441,0.007751938,519,8,1
0,Surprise,0.000242841,0.007751938,546,13,1
0,和世界作鄰居,0.000186801,0.007751938,546,10,1
0,Bridge Over the Trouble Water,0.00013076,0.007751938,546,7,1
0,Good Bye,0.000280201,0.007751938,546,15,1
0,你是誰,0.000186801,0.007751938,433,10,1
0,馬德里不思議,0.132339701,0.295943487,98,118475,2765
0,Mr. Q,0.108048845,0.216204645,81,96729,2020
1,假裝,0.10377957,0.207428021,98,92907,1938
0,玩美,0.06293215,0.121374291,81,56339,1134
1,唇唇欲動,0.046495106,0.07802633,81,41624,729
0,乖乖牌,0.03367276,0.071497378,81,30145,668
0,心型圈,0.044398448,0.067751258,81,39747,633
0,最終話,0.034911543,0.065396554,81,31254,611
0,離人節,0.042510673,0.045274537,81,38057,423
0,我要的選擇,0.011687447,0.025152521,87,10463,235
0,"五合一MIX版-說愛你,布拉格廣場,倒帶",0.003017088,0.008776624,87,2701,82
0,衣服占心術,0.003551027,0.00749224,87,3179,70
0,樂園,0.002690917,0.006528952,301,2409,61
0,騎士精神/海盜/看我七十二變,0.001070111,0.002889864,301,958,27
0,看我七十二變,0.001070111,0.002889864,301,958,27
0,愛情36計/爆米花的味道/招牌動作,0.00074394,0.00160548,301,666,15
0,Outro,0.000253565,0.000963288,301,227,9
0,震撼Magic Mix版,0.000326172,0.000856256,196,292,8
0,做一天的你/奴隸船/消失的城堡,0.00037197,0.000749224,301,333,7
0,聽說愛情回來過,0.070084229,0.099858811,336,18913,778
1,特務J,0.093399936,0.079322295,1,25205,618
0,唯舞獨尊,0.029737532,0.057117186,344,8025,445
0,今天妳要嫁給我,0.025565013,0.04890258,336,6899,381
0,懷念,0.014488941,0.024387113,336,3910,190
0,情逢敵手,0.006188371,0.012963676,336,1670,101
0,我依然是你的情人/剪愛,0.009686468,0.011808497,301,2614,92
0,墓仔埔也敢去,0.005491716,0.011038378,336,1482,86
0,MR.Q,0.004935874,0.00834296,336,1332,65
0,我很怕黑,0.003809369,0.007829547,301,1028,61
0,天空/倒帶,0.003731551,0.005904248,301,1007,46
0,愛的天使,0.002267834,0.003208831,301,612,25
0,Jolin勁舞混音曲,0.001467422,0.002952124,301,396,23
0,說愛你/就是愛/布拉格廣場,0.001378487,0.002823771,301,372,22
0,始作俑者/反覆記號,0.001385899,0.002053652,301,374,16
0,你為何,0.001793516,0.001925298,301,484,15
0,假面的告白/檸檬草的味道,0.001411838,0.001925298,301,381,15
0,馬甲上的繩索/做一天的你/好想你,0.001026454,0.001411886,301,277,11
0,OH OH,0.000815235,0.001283532,301,220,10
0,看我72變/愛情36計/招牌動作,0.001730521,0.001155179,301,467,9
1,大藝術家,0.109093438,0.409764398,380,330193,88857
1,詩人漫步,0.053502182,0.262219332,359,161935,56862
1,馬賽克,0.037193325,0.171192858,353,112573,37123
1,Dr. Jolin,0.035097312,0.154697508,353,106229,33546
1,妥協,0.025994987,0.143828194,1618,78679,31189
0,無言以對,0.024075734,0.124579777,1114,72870,27015
0,一個人,0.019025017,0.115379827,2171,57583,25020
1,迷幻,0.021010018,0.100244871,353,63591,21738
0,小傷口,0.016844754,0.096242086,1120,50984,20870
0,我的依賴,0.014922858,0.094226858,1618,45167,20433
1,美人計,0.017296071,0.087364941,1120,52350,18945
0,彩色相片,0.016046855,0.087129754,353,48569,18894
0,柵欄間隙偷窺你,0.016193219,0.086281237,353,49012,18710
1,日不落,0.014719667,0.077773013,2171,44552,16865
1,花蝴蝶,0.014358547,0.073862457,1618,43459,16017
1,十三號星期舞,0.014299737,0.072857149,353,43281,15799
0,即時生效,0.011297126,0.064782406,1120,34193,14048
0,慣性背叛,0.008561142,0.054263566,1646,25912,11767
1,玩愛之徒,0.010192292,0.052801719,1120,30849,11450
1,黑髮尤物,0.01078733,0.05197626,1114,32650,11271
1,Beast,0.008253216,0.05130298,353,24980,11125
1,七上八下,0.00947567,0.051113909,1114,28680,11084
1,大丈夫,0.008973803,0.04900184,1618,27161,10626
0,有人,0.006730765,0.045723061,353,20372,9915
1,愛無赦,0.006067997,0.036633787,2174,18366,7944
0,非賣品,0.005680116,0.032921526,2171,17192,7139
0,偏見,0.004827371,0.030588105,1004,14611,6633
0,怕什麼,0.004457331,0.029389114,2178,13491,6373
0,愈慢愈美麗,0.004158326,0.026036551,1618,12586,5646
0,降落傘,0.003008558,0.020202998,1618,9106,4381
0,桃花源,0.002616382,0.019386762,2171,7919,4204
0,派大星,0.003121883,0.019008619,1114,9449,4122
0,你快樂我內傷,0.002393036,0.015826681,1618,7243,3432
0,冷•暴力,0.002611756,0.015134956,2171,7905,3282
0,熱冬,0.001902072,0.01312434,1618,5757,2846
0,我恨我愛你,0.002632571,0.012806146,1004,7968,2777
0,解散愛,0.001711105,0.012017579,1114,5179,2606
0,影舞者,0.001478508,0.010961545,1618,4475,2377
0,愛引力,0.001293819,0.010624905,1618,3916,2304
0,節拍器,0.001767602,0.009808669,2171,5350,2127
0,娘子漢,0.00126144,0.008540505,1114,3818,1852
0,我懷念的,0.001341065,0.007871837,2133,4059,1707
0,Let's move it,0.001191067,0.007253896,2171,3605,1573
0,害怕,0.001385998,0.007198558,1004,4195,1561
0,金三角,0.000986553,0.0071755,2171,2986,1556
0,普通朋友,0.001002412,0.006474551,2133,3034,1404
0,娘子軍,0.000921796,0.00631776,1037,2790,1370
0,吻我,0.00094195,0.005898113,1765,2851,1279
0,我喜歡,0.000980276,0.005851998,1004,2967,1269
0,我不能沒有你,0.000725213,0.005086489,1765,2195,1103
0,盡在不言中,0.000813758,0.005081877,1774,2463,1102
0,冷．暴力,0.00058017,0.004980424,2133,1756,1080
0,Hot-J Remix,0.000698781,0.004943532,2173,2115,1072
0,無神論,0.000663759,0.004551554,2133,2009,987
0,Missed Call,0.000658473,0.004473159,1114,1993,970
0,Let's Start The Dance,0.000649222,0.003970505,1114,1965,861
0,耍大牌,0.000611227,0.003887498,1646,1850,843
0,L'amour est parti,0.000561998,0.003809102,1114,1701,826
0,Secret Talk,0.000558364,0.003735318,1114,1690,810
0,讓讓,0.000449334,0.003380232,1646,1360,733
0,I Love You Too,0.000454621,0.00331106,1114,1376,718
0,冷．前言,0.0003109,0.002457932,2171,941,533
0,讓派對開始吧,0.000287111,0.001858436,1765,869,403
0,橘子醬女郎,0.000249777,0.001720091,1765,756,373
0,天使,0.000262002,0.001660141,1765,793,360
0,愛情傻瓜,0.000232597,0.0015633,1765,704,339
0,讓身體說話吧,0.000227641,0.001461847,1774,689,317
0,謝謝你,0.000214095,0.001300444,1765,648,282
0,黑管老師的女兒,0.000165196,0.001212826,1765,500,263
0,Marry Me Today,7.27E-06,5.53E-05,101,22,12
0,Run Run,4.30E-06,4.61E-05,102,13,10
0,Kiss Me,4.96E-06,4.15E-05,103,15,9
0,Qing Feng Di Shou,5.95E-06,3.69E-05,96,18,8
0,Shua Da Pai,2.97E-06,3.23E-05,102,9,7
0,Wu Niang,2.64E-06,2.77E-05,102,8,6
0,When You Say Nothing At All,2.64E-06,2.77E-05,97,8,6
0,Wei Wu Du Zun,4.63E-06,2.77E-05,79,14,6
0,Get The Party Started,3.30E-06,2.77E-05,97,10,6
0,Ting Shuo Ai Qing Hui Lai Guo,1.98E-06,2.31E-05,97,6,5
0,Physical,2.31E-06,2.31E-05,103,7,5
0,Lady Marmalade,3.63E-06,2.31E-05,84,11,5
0,Li Ren Jie,2.64E-06,1.84E-05,97,8,4
0,Ideal State,3.63E-06,1.84E-05,96,11,4
0,The Blower's Daughter,1.98E-06,1.84E-05,94,6,4
0,Lovefool,1.32E-06,1.38E-05,99,4,3
0,Jia Zhuang,1.32E-06,1.38E-05,96,4,3
0,Mu Zai Pu Ya Gan Qu,1.32E-06,1.38E-05,96,4,3
0,Sun will never set,1.65E-06,1.38E-05,97,5,3
0,Wan Mei,1.32E-06,1.38E-05,102,4,3
0,Bravo Lover,1.65E-06,1.38E-05,97,5,3
0,I Won't Last A Day Without You,1.98E-06,1.38E-05,99,6,3
0,Metronome,9.91E-07,1.38E-05,79,3,3
0,Agent J,1.65E-06,1.38E-05,96,5,3
0,Guai Guai Pai,9.91E-07,1.38E-05,97,3,3
0,J-Start Remix,2.97E-06,9.22E-06,2173,9,2
0,Priceless,1.32E-06,9.22E-06,87,4,2
0,Thank You,1.32E-06,9.22E-06,93,4,2
0,Huai Nian,6.61E-07,9.22E-06,96,2,2
0,Golden Triangle,6.61E-07,9.22E-06,97,2,2
0,Tacit Violence,6.61E-07,9.22E-06,97,2,2
0,Alone,6.61E-07,9.22E-06,101,2,2
0,Guan Xing Bei Pan,3.30E-07,4.61E-06,96,1,1
0,Ma De Li Bu Si Yi,6.61E-07,4.61E-06,97,2,1
0,Xin Xing Quan,3.30E-07,4.61E-06,102,1,1
0,Chun Chun Yu Dong,3.30E-07,4.61E-06,72,1,1
0,Fear-free,3.30E-07,4.61E-06,0,1,1
0,Zui Zhong Hua,9.91E-07,4.61E-06,62,3,1
0,Kai Chang Bai,3.30E-07,4.61E-06,96,1,1
0,Wu Niang 765 Tai Xuan Di Zhuan Acid House Mix,3.30E-07,4.61E-06,72,1,1
0,第三人稱,0.213073279,0.698266268,50,2675164,329412
0,Play我呸,0.122332566,0.522790335,64,1535902,246630
0,I'm Not Yours - feat.安室奈美惠NAMIE AMURO,0.075035189,0.398531447,46,942077,188010
0,不一樣又怎樣,0.072726731,0.360590304,46,913094,170111
0,美杜莎,0.065696142,0.335666455,46,824824,158353
0,自愛自受,0.043501082,0.284231077,46,546162,134088
0,電話皇后,0.039333306,0.257066668,93,493835,121273
0,唇語,0.032449111,0.224802176,46,407403,106052
0,第二性,0.030427149,0.21595652,47,382017,101879
0,Miss Trouble,0.025910671,0.185409014,46,325312,87468
0,旅程,0.005596753,0.04966116,474,70268,23428
0,萬花瞳,0.005570868,0.046763482,201,69943,22061
0,冷暴力,0.000253761,0.002732339,383,3186,1289
0,Myself,2.17E-05,0.0003222,423,273,152
0,The Great Artist,1.40E-05,0.000173818,132,176,82
0,I,5.42E-06,8.48E-05,132,68,40
0,Mosaic,5.10E-06,7.63E-05,132,64,36
0,Spying On You Behind The Fence,4.62E-06,6.36E-05,132,58,30
0,Color Photos,4.14E-06,5.94E-05,132,52,28
0,Friday The 13th,3.03E-06,5.72E-05,132,38,27
0,Fantasy,2.79E-06,5.30E-05,132,35,25
0,Someone,2.63E-06,4.88E-05,132,33,23
0,Wandering Poet,2.39E-06,4.66E-05,132,30,22
1,,1.70E-05,6.52E-05,2852,20,15
1,,0.045822634,0.167246576,1067,341155,111417
1,,0.003818222,0.020930747,967,23336,10725
1,,0.06683985,0.102455766,27,136967,1680
1,,1.58E-05,7.40E-05,2852,18,17
1,,0.01406317,0.023075814,827,263,185
1,,0.009155622,0.015503876,546,490,2
1,,0.036631676,0.06341829,318,1007,727
1,,0.034180057,0.016113864,471,964,2
1,,4.77E-06,1.94E-05,2852,5,4
1,,0.036414797,0.167534716,418,112487,37358
1,,0.003132299,0.015692693,720,5777,2417
1,,0.002237476,0.005848791,371,4585,95
1,,0.040210739,0.135164057,1529,202401,54559
1,,0.010294817,0.018728745,322,152,79
1,,0.004926512,0.014928283,1006,2832,1397
1,,0.003239978,0.009056363,2551,4374,2252
1,,0.009040424,0.049282207,1551,27362,10686
1,,0.007369959,0.018950911,362,82,5
1,,0.036538811,0.024460311,270,1624,23
1,,0.005431158,0.01561227,362,60,4
1,,0.00597472,0.019298707,451,12243,316
1,,0.004627811,0.007751938,546,247,1
1,,0.000942947,0.005415435,595,4568,1477
1,,0.004823565,0.025408637,1272,35912,16926
1,,0.000498923,0.005386012,678,4695,1967
1,,0.05068564,0.247248311,511,160083,56417
1,,0.004520612,0.011101327,898,1120,768
1,,0.004064799,0.019294881,1538,11389,5233
1,,0.047768091,0.086032471,28,97885,1411
1,,0.009297933,0.040458648,1007,47433,19144
1,,0.023655083,0.089864476,2047,176115,59866
1,,0.006707136,0.013593963,695,13744,223
1,,0.054293375,0.090169364,316,1017,725
1,,0.002141707,0.010382344,1123,8844,4518
1,,0.004094743,0.007751938,546,219,1
1,,0.022095855,0.090828542,1233,32711,12239
1,,0.012933784,0.026825115,362,144,8
1,,0.081516393,0.255116755,1236,124946,41216
1,,0.01409195,0.025144452,1213,264,202
1,,0.022034472,0.088157234,1238,33025,13183
1,,0.024979106,0.00952381,115,279,3
1,,0.019418568,0.104678007,1741,79560,33153
1,,0.017914956,0.010596838,143,210,23
1,,0.016165715,0.007751938,295,865,1
1,,0.010962804,0.049500934,489,12594,5609
1,,0.025872641,0.00952381,115,289,3
1,,0.012777749,0.031746032,362,142,10
1,,0.00496483,0.028874975,2084,18502,7901
1,,0.009691734,0.02241736,362,108,7
1,,0.002110763,0.008627936,1046,1743,892
1,,0.017116401,0.086487617,1133,52323,19034
1,,0.005149594,0.023343633,1260,38339,15551
1,,0.035182784,0.023386847,270,1564,22
1,,0.009434867,0.049270212,1793,48273,21329
1,,0.025660323,0.113443543,1234,108028,38363
1,,0.008476943,0.019047619,362,94,6
1,,0.050016598,0.085148569,318,984,716
1,,0.014302728,0.072908273,417,43290,15810
1,,0.008189785,0.03695428,1031,36597,16830
1,,0.061630685,0.129949829,113,135777,11084
1,,0.004658295,0.011119215,898,1154,769
1,,0.016369786,0.022222222,362,182,7
1,,0.004853684,0.016899041,605,9946,277
1,,0.041670754,0.066115657,852,1782,992
1,,0.061079157,0.09423693,742,1731,1028
1,,0.016234232,0.007751938,546,869,1
1,,0.044466402,0.031043775,297,2117,31
1,,0.016023012,0.022753159,362,178,7
1,,0.000421381,0.003345991,1043,3762,1630
1,,0.010847333,0.02049243,827,203,164
1,,0.090843812,0.144406316,300,2137,1442
1,,0.072330653,0.227861124,642,200682,28176
1,,0.000236786,0.003465278,1015,4183,2162
1,,0.006451064,0.029456009,975,39910,15416
1,,0.016581892,0.014040342,546,887,1
1,,0.046307701,0.016557294,147,557,72
1,,0.006119579,0.030150389,1302,7030,3416
1,,0.011990385,0.022736518,827,224,182
1,,0.012105248,0.025541415,362,135,8
1,,0.009077531,0.049438372,1513,27474,10720
1,,0.004356699,0.010479993,898,1079,725
1,,0.125641291,0.203952064,1400,3166,2035
1,,0.022652324,0.040485211,679,1091,750
1,,0.010863009,0.031374955,362,121,9
1,,1.50E-05,6.26E-05,2852,17,14
1,,0.00434295,0.007751938,546,232,1
1,,0.058097933,0.171178133,783,83550,24525
1,,0.035549372,0.104456164,1302,82790,30054
1,,0.007744272,0.015503876,546,414,2
1,,0.003907302,0.009527514,898,968,659
1,,0.007593396,0.015503876,546,406,2
1,,0.029965242,0.030196469,362,334,9
1,,0.022734786,0.105047819,1616,45270,17483
1,,0.006100524,0.030197147,1302,7008,3422
1,,0.021564415,0.10140912,340,63425,20484
1,,0.008056034,0.050046113,427,24940,11191
1,,0.056687688,0.205052137,524,103486,32559
1,,0.057045637,0.065375903,22,116897,1072
1,,0.028981811,0.109036652,1886,215773,72638
1,,0.033423552,0.155493575,1449,148735,53692
1,,0.005870865,0.011096742,546,314,1
1,,0.004775625,0.021428743,1153,7997,3793
1,,0.010100858,0.015503876,546,540,2
1,,0.007738152,0.020242892,451,15856,332
1,,0.013491608,0.015503876,546,722,2
1,,0.011823642,0.015503876,546,632,2
1,,0.003395229,0.007751938,546,181,1
1,,0.002214751,0.009127222,1330,3244,793
1,,0.005046999,0.030018005,1793,17161,7464
1,,0.023606787,0.026779401,340,302,81
1,,0.02007461,0.058751655,845,34984,8529
1,,0.00493662,0.023734825,756,5671,2689
1,,0.003160111,0.007751938,546,169,1
1,,0.029416973,0.076221818,642,12182,6347
1,,0.029056045,0.051862468,317,1248,889
1,,0.00503522,0.024725085,1067,37487,16471
1,,0.02264683,0.041076847,831,424,330
1,,0.052269485,0.167057783,792,63295,19836
1,,0.089746682,0.136197465,572,1682,1095
1,,0.015438341,0.069310381,1050,108127,42984
1,,0.020439878,0.025429767,351,245,38
1,,0.017075344,0.073579757,1180,32684,11809
1,,0.006738222,0.030890949,1114,47357,19069
1,,0.006587112,0.039892976,583,24362,10975
1,,0.001414596,0.005483135,511,4608,990
1,,8.79E-06,4.15E-05,2852,10,9
1,,0.007265934,0.018783224,362,81,5
1,,0.016578712,0.074650944,1014,108360,42677
1,,0.022416755,0.025482503,335,296,86
1,,0.023631298,0.018019997,422,1134,10
1,,0.004925811,0.024519643,1998,36673,16334
1,,0.011531311,0.022222222,362,128,7
1,,0.003685727,0.009197763,898,913,636
1,,0.00504914,0.010604425,362,56,3
1,,0.005218387,0.02221278,1280,6380,2669
1,,0.073995274,0.181965449,337,85883,20505
1,,0.005650342,0.012714116,895,1400,879
1,,0.00409334,0.007751938,546,219,1
1,,0.012216566,0.061264913,540,44386,16685
1,,0.001879229,0.009449104,1154,4447,2135
1,,0.021884782,0.041482861,825,410,333
1,,0.023650591,0.041412207,860,443,333
1,,0.075771594,0.021144229,177,1334,13
1,,0.021942989,0.054160012,981,6296,3969
1,,0.006548676,0.030341088,1213,40097,15560
1,,0.016225213,0.007751938,307,868,1
1,,0.024002505,0.0406326,419,449,326
1,,0.014317416,0.024826758,578,307,186
1,,0.004626015,0.023126913,1561,34441,15406
1,,0.000491649,0.005370778,678,4627,1961
1,,0.020633509,0.024931413,362,230,7
1,,0.007899288,0.015503876,546,422,2
1,,0.090674013,0.341367024,731,305478,86234
1,,0.001666444,0.005779329,1771,4019,2047
1,,0.013113173,0.00952381,115,146,3
1,,0.009415627,0.050861221,1174,28498,11029
1,,0.006637504,0.013669107,546,355,1
1,,0.00887636,0.040893788,908,11089,5036
1,,0.003989651,0.007751938,546,213,1
1,,0.082794687,0.015091665,166,1164,4
1,,0.043339083,0.208198494,910,155254,55257
1,,0.008265151,0.019047619,362,92,6
1,,0.005103863,0.007751938,546,273,1
1,,0.049863003,0.087776605,1363,3989,1909
1,,0.003770267,0.019093128,736,5516,2511
1,,0.00463579,0.02331818,1615,34514,15534
1,,0.00540449,0.007751938,546,289,1
1,,0.004743375,0.012022436,317,1175,831
1,,0.015374316,0.06516495,1492,27685,10402
1,,0.036214118,0.097925653,778,36551,7620
1,,0.005302567,0.012269171,898,1314,848
1,,0.005813933,0.024815488,1302,6679,2812
1,,0.107063022,0.167379045,346,2007,1346
1,,0.010344496,0.052590576,1118,31309,11404
1,,0.001483651,0.007697827,1886,11045,5128
1,,0.041906486,0.142955151,2028,137801,48703
1,,0.01351844,0.00952381,115,151,3
1,,0.024174333,0.025396825,362,270,8
1,,0.009622286,0.054418688,432,25268,11037
1,,0.015274198,0.01184783,546,817,1
1,,0.003390483,0.010118716,999,1674,902
1,,0.014990517,0.024106896,362,167,7
1,,0.003830155,0.016073009,1336,4402,1848
1,,0.012315936,0.015503876,546,659,2
1,,0.009256975,0.048381698,1799,48447,21521
1,,0.00057261,0.005540343,678,5389,2023
1,,0.000523471,0.004753115,1052,4477,2341
1,,0.00330198,0.007751938,546,176,1
1,,0.021619174,0.017479303,362,241,5
1,,0.016183867,0.070516943,1171,32679,11733
1,,0.001549037,0.007994259,1913,11532,5325
1,,0.021645911,0.04161013,824,405,334
1,,0.007797138,0.031805779,1119,24237,10533
1,,0.051638249,0.173164386,641,59323,19624
1,,0.006412637,0.028978503,1071,47471,19159
1,,0.013767086,0.00952381,115,153,3
1,,0.00280806,0.009285533,1008,1607,863
1,,0.011797219,0.027681983,344,148,41
1,,0.015137458,0.025356475,412,16935,358
1,,0.021634979,0.025396825,362,241,8
1,,0.024922785,0.00952381,115,278,3
1,,0.029036277,0.027405934,362,324,8
1,,0.020840404,0.025057917,362,232,7
1,,0.007429953,0.019047619,362,83,6
1,,0.078890778,0.069317518,77,23671,569
1,,0.028250728,0.047893891,1123,529,385
1,,0.006387249,0.019047619,362,71,6
1,,0.031421262,0.032735923,362,351,10
1,,0.001360131,0.004956621,1267,3676,564
1,,0.068669351,0.082770277,472,26376,4025
1,,0.002063068,0.006735828,426,4227,110
1,,0.0148483,0.020486479,362,165,6
1,,0.006226781,0.026328708,1056,39407,15318
1,,0.009950576,0.007363477,620,2248,29
1,,0.022968223,0.101827574,781,107233,39252
1,,0.001675661,0.008743999,1139,4451,2166
1,,0.011107201,0.050066658,459,12760,5674
1,,0.005480203,0.02354657,1229,6295,2668
1,,0.005485543,0.012397264,898,1359,857
1,,0.083640318,0.126970963,571,1651,1076
1,,0.062291664,0.085236813,24,127647,1398
1,,0.005160622,0.017202658,362,57,5
1,,0.005388217,0.016129598,362,60,5
1,,0.016091266,0.007751938,522,861,1
1,,0.035603688,0.122308218,1659,203542,58963
1,,0.014323981,0.039309225,1130,6323,3293
1,,0.008216769,0.014226091,546,439,1
1,,0.028638345,0.106779197,1886,213216,71134
1,,0.000304334,0.004159104,953,4493,2287
1,,0.008504991,0.020572603,362,95,6
1,,0.005480584,0.019068719,451,11230,312
1,,0.041170679,0.00952381,115,459,3
1,,0.005016094,0.023568325,892,5762,2670
1,,0.027116149,0.119807715,1098,107751,37620
1,,0.001133117,0.007371681,784,5253,1994
1,,0.017245923,0.00952381,115,192,3
1,,0.005585647,0.016074641,362,62,5
1,,0.020873264,0.099770608,381,63177,21635
1,,0.020895635,0.037129738,353,2463,1472
1,,0.00474198,0.009654019,362,52,3
1,,0.016314243,0.022222222,362,182,7
1,,0.030196499,0.13842547,577,111143,39008
1,,0.001899446,0.009149859,1137,4071,1852
1,,0.01756705,0.00952381,115,196,3
1,,4.35E-06,1.62E-05,2852,5,3
1,,0.032600782,0.139063363,361,53820,20065
1,,0.004858173,0.025550415,1390,36169,17021
1,,0.045606058,0.166800125,1067,339542,111119
1,,0.013927117,0.028147455,362,155,8
1,,0.026755971,0.111086679,392,58903,6044
1,,0.007152482,0.033474123,1179,40242,15494
1,,0.069339418,0.285390471,600,154866,52662
1,,0.00457638,0.011121303,898,1134,769
1,,0.004877637,0.011477489,898,1208,794
1,,4.73E-06,1.77E-05,2852,5,4
1,,0.041090181,0.010496798,225,977,2
1,,0.069607054,0.018517891,137,809,5
1,,0.012284685,0.021158706,827,230,170
1,,0.019505187,0.00952381,115,217,3
1,,8.92E-06,3.37E-05,2852,10,8
1,,0.083861279,0.137011373,1265,3371,1979
1,,0.007701667,0.019047619,362,86,6
1,,0.00505928,0.023566301,924,5812,2670
1,,0.011489345,0.023970929,362,128,7
1,,0.024302798,0.087735051,1302,28532,10118
1,,0.002550288,0.007751938,546,136,1
1,,0.00498429,0.023569816,869,5726,2671
1,,0.004386951,0.010333154,898,1087,714
1,,0.012963361,0.024092837,867,661,469
1,,0.016057122,0.020382653,362,179,6
1,,0.00037638,0.001213538,2852,444,289
1,,0.023150743,0.026954227,337,302,91
1,,0.013929638,0.00952381,115,155,3
1,,0.009273554,0.015503876,546,496,2
1,,0.004633916,0.015402512,362,51,4
1,,0.005154334,0.00790339,546,275,1
1,,0.00334649,0.016424431,849,6033,2721
1,,0.00132197,0.004941622,622,72,1
1,,0.014519312,0.075603375,1864,43945,16394
1,,0.044613419,0.164470613,1179,332152,109568
1,,0.00565217,0.025536011,1302,6493,2893
1,,0.015727792,0.068313509,785,26553,10649
1,,8.35E-06,3.15E-05,2852,9,7
1,,0.004241141,0.010817359,898,1051,748
1,,0.005514126,0.007751938,546,295,1
1,,0.006051325,0.021419997,598,12400,351
1,,0.07480235,0.218406013,541,98790,22190
1,,0.014385205,0.073857666,723,43539,16015
1,,0.014778039,0.022222222,362,165,7
1,,0.003329488,0.015863516,1010,8811,4508
1,,0.022966294,0.091712997,1247,32985,13126
1,,0.003215084,0.007751938,546,172,1
1,,0.111810311,0.3410968,1307,132636,40302
1,,0.01426993,0.028134657,362,159,8
1,,0.01252561,0.040514187,1168,6539,3691
1,,6.05E-06,2.58E-05,2852,7,6
1,,0.005946105,0.026819658,1448,13412,5729
1,,0.002575924,0.007012818,418,5278,115
1,,0.028624421,0.127653386,1230,124820,43712
1,,0.001492383,0.003694431,1037,3058,60
1,,0.003521491,0.007751938,546,188,1
1,,0.059849411,0.012622145,299,947,3
1,,0.004080489,0.007751938,546,218,1
1,,0.007056078,0.014464997,886,791,551
1,,0.033139881,0.023434556,417,2234,31
1,,0.014403719,0.059038845,1163,33354,13647
1,,0.04342243,0.184262045,404,110950,36376
1,,0.04952557,0.166837479,926,103926,37395
1,,0.024325535,0.087880125,1283,28362,10102
1,,0.01652787,0.01083771,546,884,1
1,,0.044018994,0.161601081,351,101724,30743
1,,0.012936314,0.065827316,1519,44176,16578
1,,0.015235583,0.020143119,362,170,6
1,,0.003902668,0.018886385,1688,9994,4681
1,,0.001800213,0.005864757,1364,3615,132
1,,0.009249185,0.050160765,1341,27994,10877
1,,0.00937615,0.020744201,362,104,6
1,,0.015564777,0.010511562,546,833,1
1,,0.032918197,0.145198883,430,106409,34571
1,,0.068649825,0.180167764,509,85151,22335
1,,0.006175841,0.017065237,558,4485,2241
1,,0.00712119,0.019987194,451,14592,327
1,,0.11073058,0.019240878,129,1336,7
1,,0.063646966,0.143498596,922,202093,33614
1,,0.004052059,0.007751938,546,216,1
1,,0.064303657,0.206263655,1196,120577,41735
1,,0.008438302,0.006839897,679,2489,32
1,,0.050475429,0.017710615,278,796,4
1,,0.021381906,0.025380349,362,238,7
1,,0.021245872,0.036687833,1062,3678,1894
1,,0.006580288,0.019795621,477,13484,324
1,,0.004424206,0.022896287,1161,7467,3891
1,,0.02716165,0.025265939,362,303,7
1,,0.042665464,0.194691861,1066,190802,66477
1,,0.015125386,0.02661028,826,283,214
1,,0.052533556,0.173708857,664,60351,19686
1,,0.031296467,0.053555527,311,1649,1143
1,,0.001910596,0.009190608,1138,4073,1852
1,,0.001183538,0.004851996,1513,3940,1987
1,,0.08430064,0.015850003,160,985,4
1,,0.04272926,0.172497287,413,105259,33197
1,,0.006449068,0.028166909,1229,7408,3192
1,,0.036941716,0.024779259,270,1642,23
1,,0.01856269,0.03662804,833,473,377
1,,0.026893366,0.086644572,1513,82061,32038
1,,0.016177068,0.029293476,297,297,231
1,,0.000416698,0.001344224,2852,492,320
1,,0.004998047,0.01177236,362,55,3
1,,0.004920924,0.017786782,362,54,5
1,,0.015580404,0.022222222,362,174,7
1,,0.030830095,0.010718125,433,846,2
1,,0.000381597,0.004527256,936,5874,2563
1,,0.002272577,0.010811559,1184,4438,2075
1,,7.92E-05,0.000256578,2852,93,61
1,,0.010245372,0.052728084,1119,31009,11434
1,,0.00420606,0.021675957,1139,7583,3952
1,,0.004353868,0.018377636,811,6304,2594
1,,1.24E-05,4.88E-05,2852,14,11
1,,0.009590217,0.047137062,1328,41330,15671
1,,0.021812519,0.09678993,822,107329,39796
1,,0.001432234,0.005329571,1646,3981,2018
1,,0.080613369,0.228527968,545,92610,25899
1,,0.005241933,0.030680772,770,23864,10853
1,,0.003880131,0.021432587,1358,21832,9945
1,,0.002211526,0.009101836,1330,3247,788
1,,0.009241063,0.015503876,546,494,2
1,,0.053629814,0.167371543,900,82872,25452
1,,0.030796025,0.131463811,840,45592,17794
1,,0.012700069,0.015503876,546,679,2
1,,0.026371414,0.00952381,115,294,3
1,,0.019893804,0.082857086,792,47252,19055
1,,0.02456658,0.024621101,362,274,7
1,,0.076987727,0.287735793,722,331328,99301
1,,0.004883187,0.012362589,317,1210,855
1,,0.055980967,0.065272409,22,114715,1070
1,,0.035486524,0.155605257,356,106179,33528
1,,0.010051917,0.044229013,1754,34396,15406
1,,0.004019681,0.010171579,898,996,703
1,,0.067409179,0.024527258,204,1554,18
1,,0.039631626,0.089243721,883,11116,6466
1,,0.003580695,0.00889149,898,887,615
1,,0.01358566,0.02160592,362,151,6
1,,0.028547029,0.04767935,311,535,383
1,,0.018504584,0.00952381,115,206,3
1,,0.027144079,0.098806811,1904,202091,65823
1,,0.016643712,0.071179164,2232,110534,43844
1,,0.007418748,0.017400846,317,1838,1204
1,,0.073230287,0.102412142,295,1372,823
1,,0.006708836,0.014702405,546,359,1
1,,0.012096545,0.013419659,218,172,76
1,,0.015316852,0.025692804,826,287,206
1,,0.005576678,0.022702795,758,6406,2572
1,,0.001004485,0.006428963,668,5402,2046
1,,0.011925704,0.031746032,362,133,10
1,,0.091433548,0.342302486,571,332282,94935
1,,0.016583155,0.014115205,546,887,1
1,,0.066412606,0.100838267,27,136091,1654
1,,0.019312932,0.032973925,1248,792,549
1,,0.005437108,0.02341229,756,6246,2653
1,,0.055088766,0.067527667,23,112887,1107
1,,0.079325406,0.081284591,269,25871,2557
1,,0.013088911,0.031441214,362,146,9
1,,0.041313475,0.12839493,257,109050,24151
1,,0.005214272,0.031101886,1855,17358,7542
1,,0.014534687,0.073881156,1322,51947,20316
1,,0.042507602,0.193708168,1076,191222,66617
1,,0.010661718,0.049698694,857,52199,19921
1,,0.074759485,0.247200484,667,101190,31734
1,,0.082499466,0.015840794,170,983,4
1,,0.003159238,0.017596261,1651,23520,11722
1,,0.00907305,0.041778417,872,11080,5030
1,,0.007034417,0.032628814,1129,11210,5116
1,,0.010993175,0.021275367,563,348,98
1,,0.00459155,0.022452518,1369,34184,14957
1,,0.041940115,0.060859996,304,1231,792
1,,0.028112721,0.107343495,787,32296,12165
1,,0.005240848,0.02355779,1055,6020,2669
1,,0.046203749,0.147735579,983,61750,20784
1,,0.054730211,0.143924863,837,84405,25660
1,,0.015976953,0.027785403,584,317,218
1,,0.009347104,0.02072087,453,2636,1506
1,,0.003236896,0.019309576,2248,23991,12804
1,,0.003278123,0.008874263,2635,4283,2249
1,,0.016127731,0.007751938,411,863,1
1,,0.01726217,0.031828242,825,323,255
1,,0.078623158,0.236553172,612,99070,25065
1,,0.001307151,0.002401826,821,2678,39
1,,0.004863629,0.025659462,1243,36210,17093
1,,0.007586982,0.020127377,451,15547,330
1,,0.018521783,0.073458279,1229,28547,10486
1,,0.016214674,0.022222222,362,181,7
1,,0.000245504,0.003050672,1010,3787,1869
1,,0.017395176,0.010910369,151,207,29
1,,1.07E-05,4.42E-05,2852,12,10
1,,0.008776122,0.041341075,1277,10082,4685
1,,0.001614257,0.00818178,1626,9598,4633
1,,0.03916183,0.159956385,400,46921,18892
1,,0.096061224,0.205062324,33,196847,3364
1,,0.001036636,0.006020654,679,5639,1701
1,,1.12E-05,4.31E-05,2852,13,10
1,,0.056527731,0.091613882,314,1059,736
1,,0.031061022,0.098480098,314,33621,9741
1,,0.011101824,0.015503876,546,594,2
1,,0.011021505,0.029501349,362,123,9
1,,0.012193198,0.031746032,362,136,10
1,,0.00082301,0.005801568,678,5541,1852
1,,0.009132492,0.049669669,1458,27641,10770
1,,0.025759888,0.00952381,115,287,3
1,,0.022107335,0.060234599,786,35494,7928
1,,0.004646308,0.019047619,362,51,6
1,,0.044513493,0.075792692,26,91216,1243
1,,0.026667439,0.106822897,1283,32556,12654
1,,0.004901888,0.017854291,362,54,5
1,,0.014586746,0.025901982,362,162,8
1,,0.066705434,0.181314123,525,76632,20548
1,,0.010952636,0.054231517,654,45056,17222
1,,0.004547102,0.011110815,898,1127,768
1,,0.016345135,0.010786683,372,875,1
1,,0.000226139,0.000729635,2852,267,173
1,,0.00440199,0.011138651,898,1091,770
1,,0.036713285,0.167415004,353,111120,36303
1,,0.00489579,0.008512212,794,94,69
1,,0.020452945,0.080876533,687,32238,11487
1,,0.018193493,0.035609903,823,341,286
1,,0.057677947,0.149990463,765,84653,24984
1,,0.021393743,0.00952381,115,238,3
1,,0.005386203,0.009044425,546,288,1
1,,0.00158087,0.00805114,1930,11769,5363
1,,0.009227033,0.05006754,1363,27927,10857
1,,0.019823284,0.08811898,892,107493,40732
1,,0.000439964,0.004832847,859,5740,2402
1,,0.024719653,0.08872267,1308,28443,10075
1,,0.010338279,0.05208901,1506,53985,23548
1,,0.0257048,0.094640457,847,39297,14460
1,,0.073301494,0.246093998,952,95019,31186
1,,0.02160281,0.041633094,823,405,334
1,,0.024877729,0.010822506,165,277,3
1,,0.024989001,0.038364996,725,1392,863
1,,0.002991407,0.00801915,570,6129,131
1,,0.016574495,0.013601824,546,887,1
1,,0.004552346,0.021685379,1151,33892,14446
1,,0.004492868,0.011036458,628,1113,763
1,,0.020774604,0.018278232,362,232,5
1,,0.014630418,0.065366842,1615,108925,43546
1,,0.055065653,0.180157422,1880,119496,42427
1,,0.01046104,0.019475269,827,196,156
1,,0.021622918,0.049502534,728,12309,6295
1,,0.016043018,0.082699835,1631,48557,17933
1,,0.056470766,0.053427557,436,24331,4725
1,,0.005498582,0.009520295,546,294,1
1,,0.010415761,0.053534461,1122,30872,11466
1,,0.015469562,0.027259902,295,290,219
1,,0.006574272,0.01766828,362,73,5
1,,0.024566253,0.00952381,115,274,3
1,,0.024880217,0.025396825,362,277,8
