_is_concert,song_name_clean,stream_cnt,uniq_users,stream_cnt_ratio,uniq_users_ratio,stream_cnt_total,uniq_users_total,days_diff_song_concert,is_concert
TRUE,買你,2998,2082,0.15991039,0.258858635,18748,8043,1512,1
TRUE,晚安晚安,2082,1404,0.111051846,0.174561731,18748,8043,295,1
TRUE,香格里拉,1660,1078,0.088542778,0.134029591,18748,8043,588,1
TRUE,飛鳥,1374,824,0.073287817,0.102449335,18748,8043,295,1
TRUE,三個字,981,715,0.052325581,0.088897178,18748,8043,319,1
TRUE,一起去旅行,703,490,0.037497333,0.060922541,18748,8043,1652,1
FALSE,女人經痛時,542,424,0.02890975,0.052716648,18748,8043,1652,0
FALSE,一時,535,402,0.028536377,0.04998135,18748,8043,295,0
TRUE,隕石,548,392,0.029229785,0.048738033,18748,8043,295,1
FALSE,IF,541,378,0.028856411,0.046997389,18748,8043,588,0
TRUE,麋人,400,336,0.021335609,0.041775457,18748,8043,822,1
TRUE,困在,435,328,0.023202475,0.040780803,18748,8043,835,1
TRUE,門,318,239,0.016961809,0.02971528,18748,8043,588,1
TRUE,溶話,299,239,0.015948368,0.02971528,18748,8043,295,1
FALSE,等等等,302,227,0.016108385,0.0282233,18748,8043,1522,0
FALSE,沒有關係,333,223,0.017761895,0.027725973,18748,8043,819,0
TRUE,泡泡,296,214,0.015788351,0.026606987,18748,8043,1512,1
TRUE,吼喲,284,206,0.015148282,0.025612334,18748,8043,295,1
TRUE,一顆灰塵,274,204,0.014614892,0.02536367,18748,8043,827,1
TRUE,我不是數學家,277,195,0.014774909,0.024244685,18748,8043,827,1
FALSE,一刀兩刃,241,192,0.012854705,0.02387169,18748,8043,822,0
FALSE,拉拉拉拉,247,192,0.013174739,0.02387169,18748,8043,1652,0
FALSE,嗚,275,190,0.014668231,0.023623026,18748,8043,295,0
TRUE,問號,223,187,0.011894602,0.023250031,18748,8043,827,1
FALSE,抽屜,223,167,0.011894602,0.020763397,18748,8043,295,0
TRUE,你是不會當樹嗎,233,164,0.012427992,0.020390402,18748,8043,827,1
FALSE,世界末日的某個角落,239,156,0.012748026,0.019395748,18748,8043,1652,0
TRUE,脫光光,159,131,0.008480905,0.016287455,18748,8043,295,1
TRUE,局部的人,169,126,0.009014295,0.015665796,18748,8043,827,1
FALSE,門/香格里拉,171,118,0.009120973,0.014671143,18748,8043,176,0
FALSE,勾引,130,113,0.006934073,0.014049484,18748,8043,295,0
FALSE,花王,148,109,0.007894175,0.013552157,18748,8043,1652,0
FALSE,房間,138,95,0.007360785,0.011811513,18748,8043,1652,0
FALSE,香水,119,95,0.006347344,0.011811513,18748,8043,1652,0
FALSE,A Todo Color,128,91,0.006827395,0.011314186,18748,8043,1652,0
FALSE,優雅的刺蝟,94,83,0.005013868,0.010319533,18748,8043,827,0
FALSE,鑽石,85,70,0.004533817,0.00870322,18748,8043,1652,0
FALSE,拖鞋,77,59,0.004107105,0.007335571,18748,8043,1652,0
FALSE,外星人愛我,80,59,0.004267122,0.007335571,18748,8043,827,0
FALSE,The Space That You're in,71,56,0.003787071,0.006962576,18748,8043,1652,0
FALSE,Downtown Cafe,71,52,0.003787071,0.006465249,18748,8043,1652,0
FALSE,我們,3,3,0.000160017,0.000372995,18748,8043,295,0
FALSE,你啊你啊,245265,100602,0.20765372,0.422161795,1181125,238302,1358,0
FALSE,彼個所在,260709,95042,0.220729389,0.398830056,1181125,238302,254,0
FALSE,星期三或禮拜三,96674,39411,0.081849085,0.165382582,1181125,238302,1108,0
FALSE,Ophelia,52175,26304,0.044173987,0.110380945,1181125,238302,254,0
FALSE,陪著你,59070,22612,0.050011641,0.094887999,1181125,238302,254,0
FALSE,Don't cry Don't cry,44494,18774,0.037670865,0.078782385,1181125,238302,861,0
FALSE,一萬個不回頭的方法,29578,16745,0.025042227,0.070267979,1181125,238302,1344,0
FALSE,曬傷,22018,13587,0.018641549,0.057015887,1181125,238302,718,0
FALSE,海鷗先生我愛你,23427,11967,0.01983448,0.050217791,1181125,238302,254,0
FALSE,還是要相信愛情啊混蛋們,19961,11810,0.016899989,0.049558963,1181125,238302,2282,0
FALSE,恐慌症,22506,11451,0.019054715,0.048052471,1181125,238302,274,0
FALSE,好嗎好嗎,21515,11169,0.018215684,0.046869099,1181125,238302,2254,0
FALSE,竊笑,31765,10825,0.026893851,0.045425552,1181125,238302,254,0
FALSE,i will be fine,15679,8863,0.013274632,0.037192302,1181125,238302,1344,0
FALSE,既然不再假裝自己不是多愁善感的詩人,14754,7083,0.012491481,0.029722789,1181125,238302,254,0
FALSE,在不確定的世界裡,8613,4689,0.0072922,0.019676713,1181125,238302,2254,0
FALSE,兒歌,8562,4054,0.007249021,0.017012027,1181125,238302,254,0
FALSE,捉迷藏,6781,3799,0.005741137,0.015941956,1181125,238302,2254,0
FALSE,末路狂花,6641,3405,0.005622606,0.014288592,1181125,238302,1344,0
FALSE,暗室之後,6610,3333,0.005596359,0.013986454,1181125,238302,2289,0
FALSE,小魚,5655,2807,0.004787808,0.011779171,1181125,238302,1344,0
FALSE,friDay 超展開,5200,2657,0.004402582,0.011149718,1181125,238302,823,0
TRUE,我爸的筆,4350,2300,0.003682929,0.009651619,1181125,238302,2852,1
FALSE,無聲電影,3852,2180,0.003261297,0.009148056,1181125,238302,1344,0
FALSE,歪,4046,2167,0.003425548,0.009093503,1181125,238302,1344,0
FALSE,愛不愛,3569,2110,0.003021695,0.008854311,1181125,238302,2296,0
FALSE,夢露,2827,1983,0.002393481,0.008321374,1181125,238302,1344,0
FALSE,背景,2252,1742,0.001906657,0.007310052,1181125,238302,2254,0
FALSE,開始和結束之間,1942,1059,0.001644195,0.004443941,1181125,238302,2254,0
FALSE,雪女,1345,725,0.001138745,0.003042358,1181125,238302,1344,0
FALSE,沒有星期五的無人島,1545,620,0.001308075,0.002601741,1181125,238302,2852,0
FALSE,賈科梅蒂,866,513,0.000733199,0.002152731,1181125,238302,1344,0
FALSE,巴黎的憂鬱,862,506,0.000729813,0.002123356,1181125,238302,2254,0
FALSE,ㄧ刀兩刃,744,460,0.000629908,0.001930324,1181125,238302,622,0
FALSE,壞掉的戀曲,651,401,0.000551169,0.001682739,1181125,238302,2852,0
FALSE,黑貓的計謀,645,396,0.00054609,0.001661757,1181125,238302,2254,0
TRUE,"Je t'aime,moi non plus",566,368,0.000479204,0.001544259,1181125,238302,2852,1
FALSE,織花,525,354,0.000444491,0.00148551,1181125,238302,168,0
FALSE,ㄧ閃一閃亮晶晶,1344,347,0.001137898,0.001456135,1181125,238302,611,0
FALSE,睡蓮,412,236,0.00034882,0.00099034,1181125,238302,2254,0
FALSE,胎動,236,157,0.00019981,0.000658828,1181125,238302,611,0
FALSE,我在想一首歌,270,129,0.000228596,0.00054133,1181125,238302,192,0
FALSE,歌蒂拉與三隻熊,222,103,0.000187956,0.000432225,1181125,238302,611,0
FALSE,Opening,120,94,0.000101598,0.000394457,1181125,238302,611,0
FALSE,小黑桑波,144,93,0.000121918,0.000390261,1181125,238302,611,0
FALSE,野天鵝,121,81,0.000102445,0.000339905,1181125,238302,611,0
FALSE,快樂王子,104,68,8.81E-05,0.000285352,1181125,238302,611,0
TRUE,魚,19,18,1.61E-05,7.55E-05,1181125,238302,2852,1
TRUE,我愛你,17,13,1.44E-05,5.46E-05,1181125,238302,2852,1
TRUE,自然捲,10,9,8.47E-06,3.78E-05,1181125,238302,2852,1
TRUE,老處女,4,3,3.39E-06,1.26E-05,1181125,238302,2852,1
TRUE,森山大道,2,2,1.69E-06,8.39E-06,1181125,238302,2852,1
FALSE,神秘嘉賓,7131,189,0.160405794,0.199788584,44456,946,291,0
FALSE,傳說,4859,179,0.109299082,0.189217759,44456,946,312,0
FALSE,伯樂,12060,158,0.271279467,0.167019027,44456,946,277,0
FALSE,殘酷月光,6626,89,0.149046248,0.094080338,44456,946,270,0
FALSE,眼色,2801,89,0.063006118,0.094080338,44456,946,270,0
FALSE,愛情是圓的,1915,73,0.0430763,0.077167019,44456,946,270,0
FALSE,心有林夕,1683,49,0.037857657,0.05179704,44456,946,270,0
FALSE,再別康橋,1740,43,0.039139824,0.045454545,44456,946,270,0
FALSE,病態,1694,37,0.038105093,0.039112051,44456,946,270,0
TRUE,請說,2091,31,0.047035271,0.032769556,44456,946,270,1
TRUE,慢一點,1438,20,0.03234659,0.021141649,44456,946,270,1
TRUE,說謊,133824,40161,0.116487716,0.354372187,1148825,113330,1318,1
TRUE,想自由,99667,31186,0.086755598,0.275178682,1148825,113330,763,1
FALSE,浪費,74007,22366,0.064419733,0.197352863,1148825,113330,343,0
FALSE,勉強幸福,61027,21652,0.053121233,0.191052678,1148825,113330,347,0
TRUE,傻子,86108,21027,0.074953104,0.18553781,1148825,113330,346,1
TRUE,自然醒,64512,19936,0.056154767,0.175911056,1148825,113330,756,1
TRUE,誘,46893,18879,0.040818227,0.166584311,1148825,113330,367,1
TRUE,我總是一個人在練習一個人,39249,14088,0.034164472,0.124309539,1148825,113330,756,1
TRUE,心酸,32747,12789,0.028504777,0.112847437,1148825,113330,1302,1
TRUE,思凡,31926,11652,0.027790133,0.102814789,1148825,113330,364,1
TRUE,感同身受,28456,10074,0.024769656,0.08889085,1148825,113330,1309,1
FALSE,愛情的背影,21508,8693,0.018721737,0.076705197,1148825,113330,120,0
FALSE,越反越愛,14772,6189,0.012858355,0.05461043,1148825,113330,343,0
TRUE,Runaway Mama,13394,5919,0.011658869,0.052228007,1148825,113330,343,1
TRUE,晚安,11055,5015,0.009622876,0.044251302,1148825,113330,772,1
FALSE,紀念品,13913,4957,0.012110635,0.043739522,1148825,113330,756,0
FALSE,拾荒,11127,4791,0.009685548,0.042274773,1148825,113330,343,0
TRUE,看見什麼吃什麼,10005,4659,0.008708898,0.041110033,1148825,113330,1318,1
FALSE,我只在乎你,14208,4592,0.012367419,0.040518839,1148825,113330,115,0
FALSE,擁有,11480,4288,0.009992819,0.037836407,1148825,113330,756,0
TRUE,飄,6712,3494,0.005842491,0.030830319,1148825,113330,1302,1
FALSE,I Wish You Love,6755,3358,0.005879921,0.029630283,1148825,113330,333,0
TRUE,歇斯底里,7563,3288,0.006583248,0.029012618,1148825,113330,1302,1
FALSE,4號病房,6667,3214,0.005803321,0.028359658,1148825,113330,343,0
FALSE,週末夜驚魂,6373,3142,0.005547407,0.027724345,1148825,113330,343,0
FALSE,倒帶人生,6805,3005,0.005923444,0.026515486,1148825,113330,116,0
FALSE,Singing In The Rain,5966,2770,0.005193132,0.024441895,1148825,113330,115,0
TRUE,想念,6072,2747,0.0052854,0.024238948,1148825,113330,756,1
FALSE,來不及,5566,2726,0.00484495,0.024053649,1148825,113330,116,0
TRUE,不換,5546,2672,0.004827541,0.023577164,1148825,113330,756,1
TRUE,耳朵,6411,2668,0.005580484,0.023541869,1148825,113330,1302,1
TRUE,早開的晚霞,6405,2568,0.005575262,0.02265949,1148825,113330,756,1
FALSE,Everyday,4693,2243,0.004085043,0.019791759,1148825,113330,1092,0
FALSE,關於我,4168,2216,0.003628055,0.019553516,1148825,113330,1302,0
FALSE,Syrup,4134,2088,0.003598459,0.018424071,1148825,113330,333,0
FALSE,開到荼蘼,4380,1980,0.003812591,0.017471102,1148825,113330,1492,0
FALSE,As Time Goes By,4073,1886,0.003545362,0.016641666,1148825,113330,115,0
FALSE,Mercy  Mercy  Me,4207,1874,0.003662002,0.01653578,1148825,113330,116,0
TRUE,唐人街,4404,1838,0.003833482,0.016218124,1148825,113330,1302,1
FALSE,Untitled,3314,1832,0.002884687,0.016165181,1148825,113330,333,0
FALSE,聖誕歌,3555,1815,0.003094466,0.016015177,1148825,113330,333,0
FALSE,Yesterday's News,3558,1630,0.003097077,0.014382776,1148825,113330,115,0
FALSE,Lovely Day,3211,1558,0.00279503,0.013747463,1148825,113330,115,0
FALSE,我要我們在一起,4598,1550,0.00400235,0.013676873,1148825,113330,1501,0
FALSE,Waltz for Koop,3052,1510,0.002656627,0.013323921,1148825,113330,116,0
FALSE,Fly my way,2998,1478,0.002609623,0.01304156,1148825,113330,756,0
FALSE,解High人,2996,1431,0.002607882,0.012626842,1148825,113330,1302,0
FALSE,How Deep Is Your Love,2882,1368,0.00250865,0.012070943,1148825,113330,115,0
FALSE,No Surprises,2608,1354,0.002270146,0.01194741,1148825,113330,116,0
FALSE,I Can't Make You Love Me,2563,1346,0.002230975,0.01187682,1148825,113330,115,0
TRUE,另一個自己,2938,1340,0.002557396,0.011823877,1148825,113330,1302,1
FALSE,對不起謝謝,2822,1068,0.002456423,0.009423807,1148825,113330,1505,0
TRUE,羅密歐與茱麗葉,1887,920,0.001642548,0.008117886,1148825,113330,1078,1
FALSE,Darling,1276,714,0.0011107,0.006300185,1148825,113330,1082,0
FALSE,躺在你的衣櫃,1708,708,0.001486736,0.006247243,1148825,113330,1502,0
FALSE,對你愛不完,1307,577,0.001137684,0.005091326,1148825,113330,1500,0
FALSE,查無此人,1107,483,0.000963593,0.00426189,1148825,113330,1495,0
FALSE,Love Fool,896,439,0.000779927,0.003873643,1148825,113330,1499,0
FALSE,STAND BY ME,809,421,0.000704198,0.003714815,1148825,113330,1498,0
FALSE,狂人日記,817,415,0.000711161,0.003661872,1148825,113330,1494,0
FALSE,請說/慢一點,799,367,0.000695493,0.003238331,1148825,113330,1491,0
FALSE,OH MY LOVE,719,352,0.000625857,0.003105974,1148825,113330,1494,0
FALSE,The Hindu Times,588,327,0.000511827,0.002885379,1148825,113330,1078,0
FALSE,First of the gang to die,587,304,0.000510957,0.002682432,1148825,113330,1078,0
TRUE,美妙生活,6,2,5.22E-06,1.76E-05,1148825,113330,756,1
FALSE,天真有邪,638957,174946,0.172665975,0.434604177,3700538,402541,168,0
FALSE,全世界誰傾聽你,259204,65630,0.07004495,0.163039293,3700538,402541,61,0
FALSE,長大的童話,121604,64987,0.032861168,0.16144194,3700538,402541,5,0
FALSE,寵兒,148222,40557,0.040054176,0.10075247,3700538,402541,166,0
FALSE,熱血無賴,102174,36347,0.02761058,0.090293908,3700538,402541,183,0
FALSE,我已經敢想你,108511,29767,0.029323034,0.073947747,3700538,402541,166,0
FALSE,讓世界毀滅,76688,23155,0.020723473,0.057522091,3700538,402541,166,0
FALSE,一點點,69563,22900,0.018798077,0.056888615,3700538,402541,166,0
FALSE,我夢見你夢見我,61531,17564,0.016627582,0.043632822,3700538,402541,166,0
FALSE,飛,39777,13895,0.010748978,0.034518223,3700538,402541,166,0
FALSE,天上的男人 地上的女人,41227,13693,0.011140812,0.034016411,3700538,402541,320,0
FALSE,壞與更壞,38538,13546,0.010414161,0.033651231,3700538,402541,166,0
FALSE,白晝之月,35448,13013,0.009579148,0.032327142,3700538,402541,166,0
FALSE,勿忘你,38705,12434,0.01045929,0.030888779,3700538,402541,166,0
FALSE,Still Open After 10 p.m.,15688,7184,0.004239384,0.017846629,3700538,402541,166,0
FALSE,"Off, Do Not Disturb.",15512,6634,0.004191823,0.016480309,3700538,402541,166,0
TRUE,口的形狀,8588,4480,0.002320744,0.011129301,3700538,402541,953,1
FALSE,我愛的人,12205,4133,0.003298169,0.010267277,3700538,402541,1244,0
FALSE,那首歌,6768,2720,0.001828923,0.006757076,3700538,402541,1244,0
FALSE,大象舞台,3698,2031,0.000999314,0.005045449,3700538,402541,922,0
FALSE,背影,3871,1823,0.001046064,0.004528731,3700538,402541,1244,0
FALSE,你是我的眼,947,421,0.000255909,0.001045856,3700538,402541,1244,0
FALSE,離開地球表面,630,370,0.000170246,0.000919161,3700538,402541,1244,0
FALSE,金粉世家,468,235,0.000126468,0.000583791,3700538,402541,1244,0
FALSE,彩虹,300081,5006,0.146439194,0.305150869,2049185,16405,36,0
TRUE,牛仔很忙,189458,4609,0.092455293,0.28095093,2049185,16405,50,1
TRUE,陽光宅男,198913,3016,0.097069323,0.183846388,2049185,16405,29,1
FALSE,我不配,194546,2193,0.094938232,0.133678756,2049185,16405,22,0
TRUE,不能說的秘密,60986,1946,0.0297611,0.118622371,2049185,16405,161,1
TRUE,最長的電影,143969,1893,0.070256712,0.115391649,2049185,16405,29,1
TRUE,無雙,96767,1434,0.047222188,0.087412374,2049185,16405,29,1
FALSE,青花瓷,89584,1106,0.043716892,0.06741847,2049185,16405,22,0
TRUE,蒲公英的約定,115990,1045,0.056602991,0.063700091,2049185,16405,22,1
TRUE,甜甜的,77374,768,0.037758426,0.046814995,2049185,16405,22,1
FALSE,扯,56203,629,0.027427001,0.038341969,2049185,16405,22,0
FALSE,珊瑚海,20847,499,0.010173313,0.030417556,2049185,16405,759,0
TRUE,髮如雪,10952,387,0.005344564,0.023590369,2049185,16405,760,1
FALSE,千里之外 - feat.費玉清,16932,368,0.008262797,0.022432185,2049185,16405,464,0
TRUE,退後,16170,334,0.007890942,0.020359646,2049185,16405,451,1
TRUE,菊花台,13718,319,0.006694369,0.019445291,2049185,16405,451,1
TRUE,聽媽媽的話,11265,315,0.005497307,0.019201463,2049185,16405,451,1
FALSE,安靜,9372,249,0.004573526,0.015178299,2049185,16405,1367,0
FALSE,晴天娃娃,11296,240,0.005512435,0.014629686,2049185,16405,106,0
FALSE,七里香,10702,199,0.005222564,0.012130448,2049185,16405,1225,0
TRUE,夜曲,12979,188,0.006333738,0.011459921,2049185,16405,772,1
FALSE,路小雨,10401,186,0.005075676,0.011338007,2049185,16405,106,0
FALSE,藉口,10249,171,0.005001501,0.010423651,2049185,16405,1214,0
FALSE,一路向北,7895,171,0.003852751,0.010423651,2049185,16405,903,0
FALSE,楓,12314,170,0.006009218,0.010362694,2049185,16405,756,0
TRUE,白色風車,8936,167,0.004360758,0.010179823,2049185,16405,451,1
FALSE,小雨寫立可白Ⅰ,6842,159,0.003338888,0.009692167,2049185,16405,107,0
FALSE,First Kiss,6024,157,0.002939705,0.009570253,2049185,16405,106,0
FALSE,情人的眼淚,3348,154,0.00163382,0.009387382,2049185,16405,106,0
FALSE,晴天,6923,153,0.003378416,0.009326425,2049185,16405,1367,0
FALSE,園遊會,4801,140,0.002342883,0.008533984,2049185,16405,1214,0
FALSE,鬥琴,7398,137,0.003610216,0.008351112,2049185,16405,106,0
TRUE,霍元甲,6659,136,0.003249585,0.008290155,2049185,16405,688,1
FALSE,簡單愛,6319,132,0.003083665,0.008046327,2049185,16405,1367,0
FALSE,湘倫小雨四手聯彈,8744,129,0.004267062,0.007863456,2049185,16405,106,0
FALSE,擱淺,9407,129,0.004590606,0.007863456,2049185,16405,1214,0
TRUE,本草綱目,5588,127,0.002726938,0.007741542,2049185,16405,451,1
FALSE,心雨,5955,125,0.002906033,0.007619628,2049185,16405,451,0
FALSE,父與子,4061,124,0.001981763,0.007558671,2049185,16405,106,0
FALSE,夜的第七章,5760,124,0.002810874,0.007558671,2049185,16405,453,0
FALSE,腳踏車,5876,122,0.002867481,0.007436757,2049185,16405,106,0
FALSE,星晴,6505,121,0.003174433,0.0073758,2049185,16405,1367,0
FALSE,以父之名,3767,118,0.001838292,0.007192929,2049185,16405,1367,0
FALSE,淡水海邊,5896,118,0.002877241,0.007192929,2049185,16405,106,0
TRUE,迷迭香,4068,117,0.001985179,0.007131972,2049185,16405,451,1
FALSE,早操,5483,117,0.002675698,0.007131972,2049185,16405,106,0
FALSE,四面楚歌,3459,114,0.001687988,0.006949101,2049185,16405,756,0
FALSE,黑色毛衣,8038,111,0.003922535,0.00676623,2049185,16405,756,0
FALSE,回到過去,6659,108,0.003249585,0.006583359,2049185,16405,1367,0
FALSE,黑色幽默,4949,95,0.002415106,0.005790917,2049185,16405,1367,0
TRUE,雙截棍,3638,93,0.00177534,0.005669003,2049185,16405,1367,1
TRUE,黃金甲,4682,92,0.002284811,0.005608046,2049185,16405,357,1
FALSE,暗號,3654,89,0.001783148,0.005425175,2049185,16405,1367,0
FALSE,軌跡,5748,85,0.002805018,0.005181347,2049185,16405,1367,0
FALSE,可愛女人,3173,83,0.00154842,0.005059433,2049185,16405,1367,0
FALSE,分裂,2468,82,0.001204381,0.004998476,2049185,16405,1367,0
FALSE,愛在西元前,5105,80,0.002491234,0.004876562,2049185,16405,1367,0
FALSE,半島鐵盒,4315,78,0.002105715,0.004754648,2049185,16405,1367,0
FALSE,Secret-慢版,4851,78,0.002367283,0.004754648,2049185,16405,106,0
FALSE,開不了口,6100,77,0.002976793,0.004693691,2049185,16405,1367,0
FALSE,東風破,4530,75,0.002210635,0.004571777,2049185,16405,1367,0
FALSE,女孩別為我哭泣,5608,75,0.002736698,0.004571777,2049185,16405,106,0
FALSE,浪漫手機,4620,75,0.002254555,0.004571777,2049185,16405,759,0
FALSE,最後的戰役,4399,74,0.002146707,0.00451082,2049185,16405,1367,0
FALSE,Ride With Me,4644,74,0.002266267,0.00451082,2049185,16405,106,0
FALSE,紅模仿,3987,74,0.001945652,0.00451082,2049185,16405,451,0
FALSE,爸我回來了,3467,70,0.001691892,0.004266992,2049185,16405,1367,0
FALSE,止戰之殤,3611,69,0.001762164,0.004206035,2049185,16405,1214,0
FALSE,上海一九四三,2996,69,0.001462045,0.004206035,2049185,16405,1367,0
FALSE,她的睫毛,3721,69,0.001815844,0.004206035,2049185,16405,1367,0
FALSE,斷了的弦,4591,67,0.002240403,0.004084121,2049185,16405,1367,0
FALSE,琴房,4818,66,0.002351179,0.004023164,2049185,16405,106,0
FALSE,外婆,2684,65,0.001309789,0.003962207,2049185,16405,1214,0
FALSE,The Swan,3779,64,0.001844148,0.00390125,2049185,16405,106,0
FALSE,小雨寫立可白Ⅱ,5307,63,0.00258981,0.003840293,2049185,16405,106,0
FALSE,妳聽得到,3195,62,0.001559156,0.003779336,2049185,16405,1367,0
FALSE,飄移,3294,62,0.001607468,0.003779336,2049185,16405,932,0
FALSE,愛情懸崖,2900,58,0.001415197,0.003535507,2049185,16405,1367,0
FALSE,阿郎與阿寶,3154,58,0.001539148,0.003535507,2049185,16405,106,0
FALSE,Flash Back,3429,57,0.001673348,0.00347455,2049185,16405,106,0
FALSE,Secret-加長快版,5858,56,0.002858697,0.003413593,2049185,16405,106,0
FALSE,Angel,4103,55,0.002002259,0.003352636,2049185,16405,106,0
FALSE,瓦解,2749,54,0.001341509,0.003291679,2049185,16405,1043,0
FALSE,與父共舞,3387,53,0.001652852,0.003230722,2049185,16405,106,0
FALSE,三年二班,1898,50,0.000926222,0.003047851,2049185,16405,1367,0
FALSE,亂舞春秋,1756,49,0.000856926,0.002986894,2049185,16405,1214,0
FALSE,將軍,1930,48,0.000941838,0.002925937,2049185,16405,1214,0
FALSE,反方向的鐘,2062,48,0.001006254,0.002925937,2049185,16405,1367,0
FALSE,藍色風暴,1858,47,0.000906702,0.00286498,2049185,16405,756,0
FALSE,Ending,4134,47,0.002017387,0.00286498,2049185,16405,106,0
FALSE,龍捲風,3666,46,0.001789004,0.002804023,2049185,16405,1367,0
FALSE,爺爺泡的茶,2947,45,0.001438133,0.002743066,2049185,16405,1367,0
FALSE,對不起,1676,44,0.000817886,0.002682109,2049185,16405,1367,0
FALSE,我的地盤,1814,43,0.00088523,0.002621152,2049185,16405,1214,0
FALSE,梯田,1650,43,0.000805198,0.002621152,2049185,16405,1367,0
FALSE,娘子,1169,36,0.000570471,0.002194453,2049185,16405,1367,0
FALSE,獻世,1510,36,0.000736878,0.002194453,2049185,16405,679,0
TRUE,麥芽糖,2564,33,0.001251229,0.002011582,2049185,16405,756,1
FALSE,雙刀,1439,33,0.00070223,0.002011582,2049185,16405,1367,0
FALSE,逆鱗,1531,31,0.000747126,0.001889668,2049185,16405,756,0
FALSE,菊花台 [杰倫鋼琴演奏版],1176,31,0.000573887,0.001889668,2049185,16405,357,0
FALSE,一路上有你/分手總要在雨天,921,31,0.000449447,0.001889668,2049185,16405,1289,0
FALSE,一路上有你,921,31,0.000449447,0.001889668,2049185,16405,1289,0
FALSE,分手總要在雨天,921,31,0.000449447,0.001889668,2049185,16405,1289,0
FALSE,你怎麼連話都說不清楚,1882,30,0.000918414,0.001828711,2049185,16405,1289,0
FALSE,威廉古堡,1848,30,0.000901822,0.001828711,2049185,16405,1367,0
FALSE,星晴/回到過去/最後的戰役/愛我別走,1327,30,0.000647575,0.001828711,2049185,16405,1033,0
FALSE,愛我別走,1327,30,0.000647575,0.001828711,2049185,16405,1033,0
FALSE,倒帶,1875,28,0.000914998,0.001706797,2049185,16405,1043,0
FALSE,鬥牛,1534,26,0.00074859,0.001584883,2049185,16405,1367,0
FALSE,困獸之鬥,1306,26,0.000637327,0.001584883,2049185,16405,1214,0
FALSE,龍拳,1968,25,0.000960382,0.001523926,2049185,16405,1367,0
FALSE,忍者,2093,25,0.001021382,0.001523926,2049185,16405,1367,0
FALSE,完美主義,1284,25,0.000626591,0.001523926,2049185,16405,1367,0
FALSE,找自己,2039,24,0.00099503,0.001462969,2049185,16405,1225,0
FALSE,伊斯坦堡,1223,24,0.000596823,0.001462969,2049185,16405,1367,0
FALSE,半獸人,1854,23,0.00090475,0.001402012,2049185,16405,1367,0
FALSE,印地安老斑鳩,1170,21,0.000570959,0.001280098,2049185,16405,1367,0
FALSE,火車叨位去,1049,19,0.000511911,0.001158183,2049185,16405,1367,0
FALSE,同一種調調,1016,18,0.000495807,0.001097226,2049185,16405,1367,0
FALSE,米蘭的小鐵匠,1405,16,0.000685638,0.000975312,2049185,16405,1367,0
FALSE,梯田/爸我回來了,702,16,0.000342575,0.000975312,2049185,16405,1033,0
FALSE,雙刀/雙截棍/龍拳,596,14,0.000290847,0.000853398,2049185,16405,1033,0
FALSE,懦夫,1012,12,0.000493855,0.000731484,2049185,16405,1367,0
FALSE,黃金甲 [OS版],713,10,0.000347943,0.00060957,2049185,16405,361,0
FALSE,七里香 [OS版],216,7,0.000105408,0.000426699,2049185,16405,1221,0
FALSE,說了再見,19406,10738,0.078296094,0.155186866,247854,69194,317,0
FALSE,天地一鬥,11773,7305,0.047499738,0.105572738,247854,69194,36,0
TRUE,說好的幸福呢,11127,6721,0.044893365,0.097132699,247854,69194,903,1
FALSE,給我一首歌的時間,7252,4515,0.029259161,0.065251322,247854,69194,898,0
TRUE,稻香,6216,4062,0.025079281,0.058704512,247854,69194,919,1
FALSE,超人不會飛,6065,3780,0.024470051,0.054629014,247854,69194,337,0
TRUE,雨下一整晚,4395,2826,0.017732213,0.040841691,247854,69194,317,1
FALSE,煙花易冷,3423,2362,0.01381055,0.034135908,247854,69194,317,0
FALSE,好久不見,3044,2145,0.012281424,0.030999798,247854,69194,317,0
FALSE,自導自演,2727,1647,0.011002445,0.023802642,247854,69194,317,0
TRUE,跨時代,2362,1596,0.009529804,0.023065584,247854,69194,325,1
FALSE,我落淚．情緒零碎,2475,1581,0.009985717,0.022848802,247854,69194,317,0
TRUE,愛的飛行日記,2588,1533,0.010441631,0.0221551,247854,69194,317,1
FALSE,蘭亭序,2189,1405,0.008831812,0.020305229,247854,69194,898,0
FALSE,世界末日,1657,1074,0.006685387,0.015521577,247854,69194,1052,0
TRUE,免費教學錄影帶,1513,1061,0.0061044,0.015333699,247854,69194,317,1
TRUE,龍戰騎士,1400,879,0.005648487,0.012703414,247854,69194,898,1
FALSE,花海,1305,846,0.005265196,0.012226494,247854,69194,898,0
TRUE,時光機,1159,772,0.00467614,0.011157037,247854,69194,898,1
TRUE,魔術先生,1069,763,0.004313023,0.011026968,247854,69194,898,1
TRUE,嘻哈空姐,1061,754,0.004280746,0.010896899,247854,69194,317,1
TRUE,蛇舞,870,601,0.003510131,0.008685724,247854,69194,898,1
FALSE,喬克叔叔,706,523,0.002848451,0.007558459,247854,69194,909,0
FALSE,流浪詩人,663,490,0.002674962,0.007081539,247854,69194,898,0
FALSE,周大俠,597,398,0.002408676,0.005751944,247854,69194,1168,0
FALSE,千里之外,534,370,0.002154494,0.005347284,247854,69194,1142,0
FALSE,千山萬水,529,368,0.002134321,0.00531838,247854,69194,973,0
FALSE,明明就,1194711,217766,0.126943813,0.596145528,9411337,365290,110,0
FALSE,傻笑,603944,137113,0.064171966,0.375353828,9411337,365290,93,0
FALSE,紅塵客棧,456868,121246,0.048544431,0.331917107,9411337,365290,110,0
FALSE,大笨鐘,485194,118740,0.051554205,0.325056804,9411337,365290,97,0
FALSE,愛你沒差,526175,117815,0.055908634,0.32252457,9411337,365290,93,0
FALSE,公公偏頭痛,322117,91132,0.034226487,0.249478497,9411337,365290,93,0
FALSE,烏克麗麗,238410,56685,0.025332214,0.155178078,9411337,365290,93,0
FALSE,手語,177692,53931,0.018880633,0.147638862,9411337,365290,97,0
FALSE,哪裡都是你,171588,48575,0.018232054,0.132976539,9411337,365290,93,0
FALSE,比較大的大提琴,132212,47199,0.014048163,0.129209669,9411337,365290,97,0
FALSE,Mine Mine,122241,42764,0.012988697,0.11706863,9411337,365290,516,0
FALSE,夢想啟動,159204,42519,0.016916194,0.11639793,9411337,365290,93,0
FALSE,四季列車,102071,36540,0.010845537,0.100030113,9411337,365290,93,0
FALSE,公主病,80398,28207,0.008542676,0.077218101,9411337,365290,506,0
FALSE,你好嗎,64971,24001,0.006903482,0.065703961,9411337,365290,512,0
FALSE,水手怕水,55153,21871,0.005860273,0.059872978,9411337,365290,506,0
FALSE,世界未末日,40626,15151,0.004316709,0.041476635,9411337,365290,506,0
FALSE,療傷燒肉粽,23205,9924,0.002465643,0.027167456,9411337,365290,506,0
FALSE,超跑女神,26988,8269,0.002867605,0.022636809,9411337,365290,506,0
FALSE,驚嘆號,19980,8074,0.002122971,0.022102987,9411337,365290,523,0
FALSE,迷魂曲,14364,5733,0.001526244,0.01569438,9411337,365290,512,0
FALSE,皮影戲,11446,5085,0.001216193,0.013920447,9411337,365290,532,0
FALSE,琴傷,11127,4769,0.001182297,0.013055381,9411337,365290,506,0
FALSE,說好的幸福呢/淘汰/青花瓷,12348,3850,0.001312035,0.010539571,9411337,365290,678,0
FALSE,淘汰,12348,3850,0.001312035,0.010539571,9411337,365290,678,0
FALSE,世界末日 [live版],6175,2308,0.000656124,0.006318268,9411337,365290,1784,0
TRUE,你是我的OK繃,5428,2027,0.000576751,0.005549016,9411337,365290,678,1
TRUE,想你就寫信,4530,1954,0.000481334,0.005349175,9411337,365290,678,1
FALSE,爸我回來了/心事誰人知,4119,1624,0.000437664,0.004445783,9411337,365290,678,0
FALSE,心事誰人知,4119,1624,0.000437664,0.004445783,9411337,365290,678,0
FALSE,算什麼男人,933470,257719,0.052828914,0.412992686,17669680,624028,468,0
FALSE,聽見下雨的聲音,833963,232840,0.047197403,0.373124283,17669680,624028,461,0
FALSE,聽爸爸的話,705098,194925,0.039904401,0.312365791,17669680,624028,461,0
FALSE,手寫的從前,576530,167034,0.032628208,0.267670681,17669680,624028,461,0
FALSE,英雄,154632,74847,0.008751262,0.119941733,17669680,624028,7,0
FALSE,怎麼了,149628,51853,0.008468065,0.083094028,17669680,624028,461,0
FALSE,天涯過客,99978,33379,0.005658167,0.053489587,17669680,624028,461,0
FALSE,鞋子特大號,72242,27239,0.004088472,0.043650285,17669680,624028,480,0
FALSE,美人魚,62673,20736,0.003546923,0.033229278,17669680,624028,461,0
FALSE,我要夏天,55432,19116,0.003137125,0.030633241,17669680,624028,461,0
FALSE,陽明山,43198,17861,0.002444753,0.028622113,17669680,624028,461,0
FALSE,一口氣全唸對,42151,15957,0.002385499,0.025570968,17669680,624028,461,0
FALSE,竊愛,29520,12949,0.001670658,0.020750671,17669680,624028,461,0
FALSE,波爺,17158,8020,0.000971042,0.012851987,17669680,624028,1032,0
FALSE,蝸牛,21319,6912,0.00120653,0.011076426,17669680,624028,1047,0
FALSE,你比從前快樂,12732,3991,0.000720556,0.006395546,17669680,624028,1046,0
TRUE,天台,5974,2683,0.000338093,0.004299487,17669680,624028,994,1
FALSE,天台的月光,6640,2448,0.000375785,0.003922901,17669680,624028,994,0
TRUE,打架舞,4483,2383,0.000253711,0.003818739,17669680,624028,1032,1
TRUE,快門慢舞,3782,1866,0.000214039,0.00299025,17669680,624028,994,1
FALSE,錢難賺,2884,1735,0.000163217,0.002780324,17669680,624028,994,0
FALSE,美術館,4457,1455,0.00025224,0.002331626,17669680,624028,994,0
FALSE,大明星,2225,961,0.000125922,0.001539995,17669680,624028,994,0
FALSE,狗仔舞,1239,679,7.01E-05,0.001088092,17669680,624028,994,0
FALSE,保齡男孩,956,674,5.41E-05,0.00108008,17669680,624028,994,0
FALSE,浪子膏,897,642,5.08E-05,0.0010288,17669680,624028,994,0
FALSE,美景,928,616,5.25E-05,0.000987135,17669680,624028,994,0
FALSE,屋頂上的願望,1062,601,6.01E-05,0.000963098,17669680,624028,994,0
FALSE,情人湖夜市,979,563,5.54E-05,0.000902203,17669680,624028,994,0
FALSE,龍門澡堂,888,561,5.03E-05,0.000898998,17669680,624028,994,0
FALSE,氣勢,938,547,5.31E-05,0.000876563,17669680,624028,994,0
FALSE,逛夜市,915,527,5.18E-05,0.000844513,17669680,624028,994,0
FALSE,兄弟的安慰,1513,488,8.56E-05,0.000782016,17669680,624028,994,0
FALSE,竹竿舞,663,463,3.75E-05,0.000741954,17669680,624028,994,0
FALSE,阿郎的童年,730,463,4.13E-05,0.000741954,17669680,624028,994,0
FALSE,水管的友情,746,462,4.22E-05,0.000740351,17669680,624028,994,0
FALSE,撈金魚,825,457,4.67E-05,0.000732339,17669680,624028,994,0
FALSE,Goodbye,717,451,4.06E-05,0.000722724,17669680,624028,994,0
FALSE,Strike,635,449,3.59E-05,0.000719519,17669680,624028,994,0
FALSE,悲劇的序幕,652,439,3.69E-05,0.000703494,17669680,624028,994,0
FALSE,熱血碼頭,648,438,3.67E-05,0.000701892,17669680,624028,994,0
FALSE,英雄之歌,633,435,3.58E-05,0.000697084,17669680,624028,994,0
FALSE,無助,933,410,5.28E-05,0.000657022,17669680,624028,994,0
FALSE,骰子,591,396,3.34E-05,0.000634587,17669680,624028,994,0
FALSE,亡命追逐,598,393,3.38E-05,0.000629779,17669680,624028,994,0
FALSE,威少的陷阱,577,392,3.27E-05,0.000628177,17669680,624028,994,0
FALSE,告白氣球,4153455,524416,0.175685127,0.671359038,23641472,781126,221,0
FALSE,不該,2289416,456877,0.096838979,0.584895395,23641472,781126,228,0
FALSE,愛情廢柴,966900,247952,0.040898469,0.317428942,23641472,781126,221,0
FALSE,床邊故事,176865,57375,0.007481133,0.073451658,23641472,781126,237,0
FALSE,說走就走,166962,49355,0.007062251,0.063184429,23641472,781126,221,0
FALSE,前世情人,119540,42555,0.005056369,0.054479047,23641472,781126,237,0
FALSE,Now You See Me,95380,33489,0.004034436,0.042872725,23641472,781126,228,0
FALSE,土耳其冰淇淋,84711,28509,0.003583153,0.036497313,23641472,781126,221,0
FALSE,彩虹/軌跡,11922,4117,0.000504283,0.005270597,23641472,781126,266,0
FALSE,鬥牛/水手怕水/大笨鐘,4851,2289,0.00020519,0.002930385,23641472,781126,266,0
FALSE,小幸運,2294797,505535,0.308228053,0.758849631,7445127,666186,479,0
FALSE,餘波盪漾,999440,262882,0.134240826,0.394607512,7445127,666186,119,0
TRUE,不醉不會,341812,111537,0.045910835,0.167426214,7445127,666186,1067,1
TRUE,你就不要想起我,337735,110794,0.045363229,0.16631091,7445127,666186,1071,1
TRUE,愛著愛著就永遠,332471,109820,0.044656189,0.164848856,7445127,666186,1067,1
TRUE,寂寞寂寞就好,276391,97322,0.037123746,0.14608833,7445127,666186,2259,1
TRUE,還是要幸福,224228,77611,0.030117418,0.116500497,7445127,666186,1886,1
TRUE,魔鬼中的天使,205524,66611,0.02760517,0.099988592,7445127,666186,1886,1
FALSE,人間煙火,181662,64139,0.024400121,0.096277916,7445127,666186,135,0
FALSE,看淡,236916,63220,0.03182162,0.094898422,7445127,666186,314,0
FALSE,日常,178998,58549,0.024042303,0.087886866,7445127,666186,110,0
FALSE,靈魂伴侶,218828,56463,0.029392111,0.084755609,7445127,666186,110,0
TRUE,我想我不會愛你,139041,51364,0.018675437,0.07710159,7445127,666186,2250,1
TRUE,你太猖狂,110102,43913,0.014788465,0.065917026,7445127,666186,2250,1
TRUE,渺小,107935,43238,0.014497402,0.064903796,7445127,666186,1081,1
TRUE,My Love,80710,35716,0.010840648,0.053612655,7445127,666186,1903,1
FALSE,獨善其身,120293,32157,0.01615728,0.048270303,7445127,666186,110,0
FALSE,無用,88351,31537,0.011866957,0.047339632,7445127,666186,110,0
FALSE,身體都知道,80721,27566,0.010842125,0.041378834,7445127,666186,110,0
FALSE,什麼，哪裡,70812,25063,0.009511188,0.037621625,7445127,666186,110,0
FALSE,LOVE!,56972,24244,0.007652254,0.036392239,7445127,666186,2271,0
TRUE,請你給我好一點的情敵,50824,24144,0.006826479,0.036242131,7445127,666186,1886,1
FALSE,念念有詞,60106,22568,0.0080732,0.033876425,7445127,666186,110,0
FALSE,這個人已經與我無關,52914,20083,0.007107199,0.030146235,7445127,666186,1067,0
FALSE,慢舞,53532,19647,0.007190206,0.029491764,7445127,666186,110,0
TRUE,矛盾,47484,19169,0.006377863,0.028774246,7445127,666186,1067,1
TRUE,口袋的溫度,36259,17181,0.004870165,0.025790095,7445127,666186,1067,1
TRUE,To Hebe,35933,16598,0.004826378,0.024914964,7445127,666186,2250,1
TRUE,花花世界,34876,16168,0.004684406,0.024269498,7445127,666186,1886,1
TRUE,終身大事,39413,15360,0.005293798,0.023056624,7445127,666186,1067,1
TRUE,無常,33780,14249,0.004537196,0.021388921,7445127,666186,1067,1
TRUE,超級瑪麗,23983,12810,0.003221302,0.019228864,7445127,666186,2250,1
FALSE,囚鳥,42550,12661,0.005715148,0.019005203,7445127,666186,1746,0
TRUE,你快樂未必我快樂,23070,10661,0.003098671,0.016003038,7445127,666186,1067,1
FALSE,葉子,26818,9596,0.003602088,0.014404386,7445127,666186,2117,0
TRUE,無事生非,18803,7807,0.002525545,0.011718949,7445127,666186,1886,1
FALSE,妳,18604,7734,0.002498816,0.01160937,7445127,666186,1886,0
FALSE,LOVE?,14870,6077,0.00199728,0.009122077,7445127,666186,2271,0
TRUE,十萬嬉皮,13318,5933,0.001788821,0.008905921,7445127,666186,580,1
TRUE,我對不起我,13426,5592,0.001803327,0.008394052,7445127,666186,2250,1
TRUE,烏托邦,11541,5332,0.001550141,0.008003771,7445127,666186,1886,1
TRUE,離島,11432,5248,0.001535501,0.00787768,7445127,666186,2250,1
FALSE,Love !,12017,4943,0.001614076,0.00741985,7445127,666186,2117,0
FALSE,開門見山,9967,4724,0.001338728,0.007091113,7445127,666186,1746,0
TRUE,要說什麼,9989,4693,0.001341683,0.007044579,7445127,666186,1886,1
FALSE,影子的影子,11173,4578,0.001500713,0.006871955,7445127,666186,1886,0
FALSE,舞孃,9632,4364,0.001293732,0.006550723,7445127,666186,2117,0
FALSE,給小孩,10498,4299,0.00141005,0.006453153,7445127,666186,2250,0
FALSE,愛情,10133,3992,0.001361024,0.00599232,7445127,666186,1746,0
FALSE,沒有管理員的公寓,6921,2906,0.000929601,0.004362145,7445127,666186,2250,0
FALSE,You’re Beautiful,5195,2063,0.000697772,0.003096733,7445127,666186,2117,0
FALSE,情歌,5326,1909,0.000715367,0.002865566,7445127,666186,2117,0
FALSE,將愛,2533,1237,0.000340223,0.001856839,7445127,666186,1746,0
FALSE,Come Together,2717,1170,0.000364937,0.001756266,7445127,666186,2117,0
FALSE,等著你回來,2176,1004,0.000292272,0.001507087,7445127,666186,1746,0
TRUE,溫柔,365,11,0.032673888,0.034920635,11171,315,362,1
TRUE,瘋狂世界,145,10,0.012980038,0.031746032,11171,315,362,1
TRUE,輕功,121,10,0.010831618,0.031746032,11171,315,362,1
FALSE,生命有一種絕對,104,9,0.00930982,0.028571429,11171,315,362,0
TRUE,志明與春嬌,239,8,0.021394683,0.025396825,11171,315,362,1
FALSE,純真,183,8,0.016381703,0.025396825,11171,315,362,0
TRUE,而我知道,304,8,0.02721332,0.025396825,11171,315,362,1
TRUE,心中無別人,144,7,0.01289052,0.022222222,11171,315,362,1
TRUE,擁抱,173,7,0.015486528,0.022222222,11171,315,362,1
TRUE,終結孤單,108,7,0.00966789,0.022222222,11171,315,362,1
TRUE,人生海海,130,7,0.011637275,0.022222222,11171,315,362,1
FALSE,好不好,165,7,0.014770388,0.022222222,11171,315,362,0
TRUE,軋車,181,7,0.016202668,0.022222222,11171,315,362,1
TRUE,憨人,183,7,0.016381703,0.022222222,11171,315,362,1
TRUE,垃圾車,1326,6,0.118700206,0.019047619,11171,315,115,1
TRUE,叫我第一名,83,6,0.007429953,0.019047619,11171,315,362,1
TRUE,孫悟空,807,6,0.072240623,0.019047619,11171,315,117,1
TRUE,愛情萬歲,51,6,0.004565393,0.019047619,11171,315,362,1
TRUE,OK啦,53,6,0.004744428,0.019047619,11171,315,362,1
TRUE,I Love You無望,184,6,0.01647122,0.019047619,11171,315,362,1
FALSE,透露,76,6,0.00680333,0.019047619,11171,315,362,0
TRUE,武裝,101,6,0.009041268,0.019047619,11171,315,362,1
TRUE,相信,83,6,0.007429953,0.019047619,11171,315,362,1
TRUE,恆星的恆心,262,5,0.023453585,0.015873016,11171,315,362,1
TRUE,倔強,992,5,0.088801361,0.015873016,11171,315,135,1
FALSE,候鳥,66,5,0.005908155,0.015873016,11171,315,362,0
TRUE,一顆蘋果,61,5,0.005460568,0.015873016,11171,315,362,1
FALSE,能不能不要說,70,5,0.006266225,0.015873016,11171,315,362,0
FALSE,永遠的永遠,57,5,0.005102498,0.015873016,11171,315,362,0
FALSE,雌雄同體,98,5,0.008772715,0.015873016,11171,315,362,0
FALSE,為什麼,41,4,0.003670218,0.012698413,11171,315,362,0
FALSE,愛情的模樣,72,4,0.00644526,0.012698413,11171,315,362,0
FALSE,借問眾神明,50,4,0.004475875,0.012698413,11171,315,362,0
FALSE,明白,51,4,0.004565393,0.012698413,11171,315,362,0
FALSE,Talking,15,4,0.001342763,0.012698413,11171,315,335,0
FALSE,我,31,4,0.002775043,0.012698413,11171,315,362,0
FALSE,王子麵,94,4,0.008414645,0.012698413,11171,315,362,0
TRUE,約翰藍儂,190,3,0.017008325,0.00952381,11171,315,115,1
FALSE,Intro,22,3,0.001969385,0.00952381,11171,315,362,0
FALSE,風若吹,26,3,0.002327455,0.00952381,11171,315,362,0
FALSE,錯錯錯,195,3,0.017455913,0.00952381,11171,315,115,0
TRUE,賭神,53,3,0.004744428,0.00952381,11171,315,362,1
FALSE,九號球,113,3,0.010115478,0.00952381,11171,315,362,0
TRUE,超人,559,3,0.050040283,0.00952381,11171,315,115,1
TRUE,小護士,282,3,0.025243935,0.00952381,11171,315,115,1
FALSE,搖滾本事,31,3,0.002775043,0.00952381,11171,315,362,0
FALSE,啾啾啾,20,3,0.00179035,0.00952381,11171,315,362,0
FALSE,讓我照顧你,481,3,0.043057918,0.00952381,11171,315,115,0
FALSE,寂寞星球,59,3,0.005281533,0.00952381,11171,315,147,0
TRUE,回來吧,296,3,0.02649718,0.00952381,11171,315,115,1
TRUE,晚安 地球人,125,3,0.011189688,0.00952381,11171,315,115,1
TRUE,聖誕夜驚魂,220,3,0.01969385,0.00952381,11171,315,115,1
FALSE,有你的將來,68,2,0.00608719,0.006349206,11171,315,362,0
FALSE,我愛夏天,10,2,0.000895175,0.006349206,11171,315,362,0
FALSE,生活,30,2,0.002685525,0.006349206,11171,315,362,0
FALSE,反而,28,2,0.00250649,0.006349206,11171,315,362,0
FALSE,嘿我要走了,31,2,0.002775043,0.006349206,11171,315,362,0
FALSE,神的孩子都在跳舞,183,2,0.016381703,0.006349206,11171,315,115,0
FALSE,I'm In Love,21,2,0.001879868,0.006349206,11171,315,362,0
FALSE,在這一秒,31,2,0.002775043,0.006349206,11171,315,362,0
FALSE,Hosee,27,2,0.002416973,0.006349206,11171,315,362,0
FALSE,阿姆斯壯,54,2,0.004833945,0.006349206,11171,315,362,0
FALSE,鯊魚搖滾,5,2,0.000447588,0.006349206,11171,315,362,0
FALSE,別惹我,31,2,0.002775043,0.006349206,11171,315,362,0
FALSE,黑白講,30,2,0.002685525,0.006349206,11171,315,362,0
FALSE,小時候,31,2,0.002775043,0.006349206,11171,315,362,0
FALSE,探母,13,2,0.001163728,0.006349206,11171,315,147,0
FALSE,雨眠,30,2,0.002685525,0.006349206,11171,315,362,0
FALSE,左鍵-少男少女ICQ,7,2,0.000626623,0.006349206,11171,315,362,0
FALSE,那一年的花季,13,2,0.001163728,0.006349206,11171,315,147,0
FALSE,向前走,21,2,0.001879868,0.006349206,11171,315,335,0
FALSE,天天想你,70,2,0.006266225,0.006349206,11171,315,362,0
FALSE,闖,17,2,0.001521798,0.006349206,11171,315,362,0
FALSE,火花一般,3,1,0.000268553,0.003174603,11171,315,362,0
FALSE,武裝以後,4,1,0.00035807,0.003174603,11171,315,147,0
FALSE,年華,3,1,0.000268553,0.003174603,11171,315,362,0
FALSE,金賽的迷惑,2,1,0.000179035,0.003174603,11171,315,361,0
FALSE,哪一樓的啊,1,1,8.95E-05,0.003174603,11171,315,147,0
FALSE,一個人的表情,3,1,0.000268553,0.003174603,11171,315,361,0
FALSE,尋根,4,1,0.00035807,0.003174603,11171,315,147,0
FALSE,寂寞星球 人人寂寞,3,1,0.000268553,0.003174603,11171,315,147,0
FALSE,三義之夏,2,1,0.000179035,0.003174603,11171,315,147,0
FALSE,羅蜜歐與茱麗葉,5,1,0.000447588,0.003174603,11171,315,362,0
FALSE,企鵝午後,2,1,0.000179035,0.003174603,11171,315,362,0
FALSE,五月天之戀序曲,5,1,0.000447588,0.003174603,11171,315,147,0
FALSE,愛是綠洲,7,1,0.000626623,0.003174603,11171,315,147,0
FALSE,Ho See,9,1,0.000805658,0.003174603,11171,315,362,0
FALSE,靈魂能有多重,2,1,0.000179035,0.003174603,11171,315,147,0
FALSE,如果我是石頭,8,1,0.00071614,0.003174603,11171,315,147,0
FALSE,三城記,5,1,0.000447588,0.003174603,11171,315,147,0
FALSE,公路電影,1,1,8.95E-05,0.003174603,11171,315,362,0
FALSE,誠品激突,6,1,0.000537105,0.003174603,11171,315,147,0
FALSE,故事都隨風,6,1,0.000537105,0.003174603,11171,315,147,0
FALSE,海豚的歌,5,1,0.000447588,0.003174603,11171,315,362,0
FALSE,.....的愉快,6,1,0.000537105,0.003174603,11171,315,362,0
FALSE,青島巴士,2,1,0.000179035,0.003174603,11171,315,147,0
FALSE,嘿！我要走了,4,1,0.00035807,0.003174603,11171,315,362,0
FALSE,花,525,1,0.034144121,0.005076142,15376,197,100,0
FALSE,燕尾蝶,259,1,0.016844433,0.005076142,15376,197,64,0
FALSE,Talking Of Mayday,82,1,0.005332986,0.005076142,15376,197,64,0
FALSE,神的孩子都混在一起,70,1,0.004552549,0.005076142,15376,197,64,0
FALSE,Tears For Feas,55,1,0.003577003,0.005076142,15376,197,64,0
FALSE,The Heart Beat Of 反擊,44,1,0.002861602,0.005076142,15376,197,64,0
FALSE,孫悟空/放手,183,1,0.011901665,0.005076142,15376,197,64,0
FALSE,Enrich Your Life讓我照顧你,77,1,0.005007804,0.005076142,15376,197,64,0
FALSE,這個世界,113,1,0.007349116,0.005076142,15376,197,64,0
FALSE,擁抱/相信,95,1,0.00617846,0.005076142,15376,197,64,0
FALSE,愛情萬歲/脫掉,149,1,0.009690427,0.005076142,15376,197,64,0
FALSE,旅途上,5,1,0.000325182,0.005076142,15376,197,515,0
FALSE,Intro紅,108,1,0.007023933,0.005076142,15376,197,64,0
FALSE,放手,183,1,0.011901665,0.005076142,15376,197,64,0
FALSE,脫掉,149,1,0.009690427,0.005076142,15376,197,64,0
FALSE,你快樂嗎,156,6,0.00291409,0.046511628,53533,129,546,0
FALSE,我知道你很難過,388,6,0.007247866,0.046511628,53533,129,546,0
FALSE,You Gotta Know,109,6,0.002036127,0.046511628,53533,129,546,0
FALSE,Show Your Love,139,6,0.002596529,0.046511628,53533,129,546,0
FALSE,如果不想要,170,6,0.003175611,0.046511628,53533,129,546,0
FALSE,什麼樣的愛,159,5,0.002970131,0.03875969,53533,129,546,0
FALSE,Take It Easy,75,5,0.001401005,0.03875969,53533,129,546,0
FALSE,你還愛我嗎,294,5,0.00549194,0.03875969,53533,129,546,0
FALSE,Because Of You,77,5,0.001438365,0.03875969,53533,129,546,0
FALSE,Don't Stop,138,5,0.002577849,0.03875969,53533,129,546,0
FALSE,捨不得,129,5,0.002409729,0.03875969,53533,129,546,0
FALSE,愛上了一條街,193,5,0.003605253,0.03875969,53533,129,546,0
FALSE,Lucky Number,72,5,0.001344965,0.03875969,53533,129,546,0
FALSE,The Rose,59,4,0.001102124,0.031007752,53533,129,546,0
FALSE,感覺你的存在,121,4,0.002260288,0.031007752,53533,129,546,0
FALSE,孤單的人總說無所謂,164,4,0.003063531,0.031007752,53533,129,546,0
FALSE,怪我太年輕,94,4,0.001755926,0.031007752,53533,129,546,0
FALSE,和世界做鄰居,96,4,0.001793286,0.031007752,53533,129,546,0
FALSE,快有愛,68,3,0.001270245,0.023255814,53533,129,546,0
FALSE,Sugar Sugar,43,3,0.000803243,0.023255814,53533,129,546,0
FALSE,猜想,44,3,0.000821923,0.023255814,53533,129,546,0
FALSE,看緊我,45,3,0.000840603,0.023255814,53533,129,546,0
FALSE,Bridge Over Troubled Water,33,3,0.000616442,0.023255814,53533,129,546,0
FALSE,上街,43,3,0.000803243,0.023255814,53533,129,546,0
FALSE,只有一個你,46,3,0.000859283,0.023255814,53533,129,546,0
FALSE,空白,39,3,0.000728523,0.023255814,53533,129,546,0
FALSE,嗨,34,2,0.000635122,0.015503876,53533,129,546,0
TRUE,海盜,510,2,0.009526834,0.015503876,53533,129,546,1
TRUE,騎士精神,473,2,0.008835671,0.015503876,53533,129,546,1
TRUE,說愛你,889,2,0.016606579,0.015503876,53533,129,546,1
TRUE,就是愛,745,2,0.01391665,0.015503876,53533,129,546,1
TRUE,Love Love Love,779,2,0.014551772,0.015503876,53533,129,546,1
FALSE,看我72變,890,2,0.016625259,0.015503876,53533,129,546,0
TRUE,爆米花的味道,370,2,0.006911625,0.015503876,53533,129,546,1
FALSE,永恆,28,2,0.000523042,0.015503876,53533,129,546,0
FALSE,如果那天你說愛我,70,2,0.001307605,0.015503876,53533,129,546,0
TRUE,乖貓,552,2,0.010311397,0.015503876,53533,129,546,1
FALSE,由我,43,2,0.000803243,0.015503876,53533,129,546,0
FALSE,捕手,44,2,0.000821923,0.015503876,53533,129,546,0
FALSE,唱這首歌,30,2,0.000560402,0.015503876,53533,129,546,0
FALSE,睜一隻眼閉一隻眼,6167,1,0.11519997,0.007751938,53533,129,128,0
FALSE,Baby Face,25,1,0.000467002,0.007751938,53533,129,546,0
FALSE,酸甜,1651,1,0.03084079,0.007751938,53533,129,128,0
FALSE,OH ! OH !,1900,1,0.035492126,0.007751938,53533,129,128,0
FALSE,一眼就看見,28,1,0.000523042,0.007751938,53533,129,546,0
FALSE,獨佔神話,3399,1,0.063493546,0.007751938,53533,129,128,0
FALSE,布拉格廣場,575,1,0.010741038,0.007751938,53533,129,546,0
TRUE,Prove It,139,1,0.002596529,0.007751938,53533,129,546,1
TRUE,檸檬草的味道,861,1,0.016083537,0.007751938,53533,129,546,1
TRUE,始作俑者,265,1,0.004950218,0.007751938,53533,129,546,1
TRUE,第一優先,169,1,0.003156931,0.007751938,53533,129,546,1
FALSE,馬甲上的繩索,139,1,0.002596529,0.007751938,53533,129,546,0
TRUE,做一天的你,272,1,0.005080978,0.007751938,53533,129,546,1
TRUE,奴隸船,111,1,0.002073487,0.007751938,53533,129,546,1
TRUE,假面的告白,308,1,0.00575346,0.007751938,53533,129,546,1
TRUE,消失的城堡,216,1,0.004034894,0.007751938,53533,129,546,1
FALSE,好想你,1716,1,0.032054994,0.007751938,53533,129,128,0
FALSE,野蠻遊戲,4223,1,0.078885921,0.007751938,53533,129,128,0
FALSE,漂浮,10,1,0.000186801,0.007751938,53533,129,546,0
FALSE,Pretty Pretty Day,16,1,0.000298881,0.007751938,53533,129,546,0
FALSE,開場白,1217,1,0.022733641,0.007751938,53533,129,128,0
FALSE,天空,5856,1,0.109390469,0.007751938,53533,129,128,0
FALSE,愛上一條街,23,1,0.000429642,0.007751938,53533,129,546,0
FALSE,許願池的希臘少女,5241,1,0.097902229,0.007751938,53533,129,128,0
TRUE,愛情36計,882,1,0.016475819,0.007751938,53533,129,546,1
TRUE,招牌動作,866,1,0.016176938,0.007751938,53533,129,261,1
FALSE,單身公害,782,1,0.014607812,0.007751938,53533,129,293,0
FALSE,好東西,119,1,0.002222928,0.007751938,53533,129,546,0
FALSE,飄浮,13,1,0.000242841,0.007751938,53533,129,546,0
FALSE,反覆記號,3984,1,0.074421385,0.007751938,53533,129,128,0
FALSE,追殺邱比特,1275,1,0.023817085,0.007751938,53533,129,128,0
FALSE,Good-bye,8,1,0.000149441,0.007751938,53533,129,519,0
FALSE,Surprise,13,1,0.000242841,0.007751938,53533,129,546,0
FALSE,和世界作鄰居,10,1,0.000186801,0.007751938,53533,129,546,0
FALSE,Bridge Over the Trouble Water,7,1,0.00013076,0.007751938,53533,129,546,0
FALSE,Good Bye,15,1,0.000280201,0.007751938,53533,129,546,0
FALSE,你是誰,10,1,0.000186801,0.007751938,53533,129,433,0
FALSE,馬德里不思議,118475,2765,0.132339701,0.295943487,895234,9343,98,0
FALSE,Mr. Q,96729,2020,0.108048845,0.216204645,895234,9343,81,0
TRUE,假裝,92907,1938,0.10377957,0.207428021,895234,9343,98,1
FALSE,玩美,56339,1134,0.06293215,0.121374291,895234,9343,81,0
TRUE,唇唇欲動,41624,729,0.046495106,0.07802633,895234,9343,81,1
FALSE,乖乖牌,30145,668,0.03367276,0.071497378,895234,9343,81,0
FALSE,心型圈,39747,633,0.044398448,0.067751258,895234,9343,81,0
FALSE,最終話,31254,611,0.034911543,0.065396554,895234,9343,81,0
FALSE,離人節,38057,423,0.042510673,0.045274537,895234,9343,81,0
FALSE,我要的選擇,10463,235,0.011687447,0.025152521,895234,9343,87,0
FALSE,"五合一MIX版-說愛你,布拉格廣場,倒帶",2701,82,0.003017088,0.008776624,895234,9343,87,0
FALSE,衣服占心術,3179,70,0.003551027,0.00749224,895234,9343,87,0
FALSE,樂園,2409,61,0.002690917,0.006528952,895234,9343,301,0
FALSE,騎士精神/海盜/看我七十二變,958,27,0.001070111,0.002889864,895234,9343,301,0
FALSE,看我七十二變,958,27,0.001070111,0.002889864,895234,9343,301,0
FALSE,愛情36計/爆米花的味道/招牌動作,666,15,0.00074394,0.00160548,895234,9343,301,0
FALSE,Outro,227,9,0.000253565,0.000963288,895234,9343,301,0
FALSE,震撼Magic Mix版,292,8,0.000326172,0.000856256,895234,9343,196,0
FALSE,做一天的你/奴隸船/消失的城堡,333,7,0.00037197,0.000749224,895234,9343,301,0
FALSE,聽說愛情回來過,18913,778,0.070084229,0.099858811,269861,7791,336,0
TRUE,特務J,25205,618,0.093399936,0.079322295,269861,7791,1,1
FALSE,唯舞獨尊,8025,445,0.029737532,0.057117186,269861,7791,344,0
FALSE,今天妳要嫁給我,6899,381,0.025565013,0.04890258,269861,7791,336,0
FALSE,懷念,3910,190,0.014488941,0.024387113,269861,7791,336,0
FALSE,情逢敵手,1670,101,0.006188371,0.012963676,269861,7791,336,0
FALSE,我依然是你的情人/剪愛,2614,92,0.009686468,0.011808497,269861,7791,301,0
FALSE,墓仔埔也敢去,1482,86,0.005491716,0.011038378,269861,7791,336,0
FALSE,MR.Q,1332,65,0.004935874,0.00834296,269861,7791,336,0
FALSE,我很怕黑,1028,61,0.003809369,0.007829547,269861,7791,301,0
FALSE,天空/倒帶,1007,46,0.003731551,0.005904248,269861,7791,301,0
FALSE,愛的天使,612,25,0.002267834,0.003208831,269861,7791,301,0
FALSE,Jolin勁舞混音曲,396,23,0.001467422,0.002952124,269861,7791,301,0
FALSE,說愛你/就是愛/布拉格廣場,372,22,0.001378487,0.002823771,269861,7791,301,0
FALSE,始作俑者/反覆記號,374,16,0.001385899,0.002053652,269861,7791,301,0
FALSE,你為何,484,15,0.001793516,0.001925298,269861,7791,301,0
FALSE,假面的告白/檸檬草的味道,381,15,0.001411838,0.001925298,269861,7791,301,0
FALSE,馬甲上的繩索/做一天的你/好想你,277,11,0.001026454,0.001411886,269861,7791,301,0
FALSE,OH OH,220,10,0.000815235,0.001283532,269861,7791,301,0
FALSE,看我72變/愛情36計/招牌動作,467,9,0.001730521,0.001155179,269861,7791,301,0
TRUE,大藝術家,330193,88857,0.109093438,0.409764398,3026699,216849,380,1
TRUE,詩人漫步,161935,56862,0.053502182,0.262219332,3026699,216849,359,1
TRUE,馬賽克,112573,37123,0.037193325,0.171192858,3026699,216849,353,1
TRUE,Dr. Jolin,106229,33546,0.035097312,0.154697508,3026699,216849,353,1
TRUE,妥協,78679,31189,0.025994987,0.143828194,3026699,216849,1618,1
FALSE,無言以對,72870,27015,0.024075734,0.124579777,3026699,216849,1114,0
FALSE,一個人,57583,25020,0.019025017,0.115379827,3026699,216849,2171,0
TRUE,迷幻,63591,21738,0.021010018,0.100244871,3026699,216849,353,1
FALSE,小傷口,50984,20870,0.016844754,0.096242086,3026699,216849,1120,0
FALSE,我的依賴,45167,20433,0.014922858,0.094226858,3026699,216849,1618,0
TRUE,美人計,52350,18945,0.017296071,0.087364941,3026699,216849,1120,1
FALSE,彩色相片,48569,18894,0.016046855,0.087129754,3026699,216849,353,0
FALSE,柵欄間隙偷窺你,49012,18710,0.016193219,0.086281237,3026699,216849,353,0
TRUE,日不落,44552,16865,0.014719667,0.077773013,3026699,216849,2171,1
TRUE,花蝴蝶,43459,16017,0.014358547,0.073862457,3026699,216849,1618,1
TRUE,十三號星期舞,43281,15799,0.014299737,0.072857149,3026699,216849,353,1
FALSE,即時生效,34193,14048,0.011297126,0.064782406,3026699,216849,1120,0
FALSE,慣性背叛,25912,11767,0.008561142,0.054263566,3026699,216849,1646,0
TRUE,玩愛之徒,30849,11450,0.010192292,0.052801719,3026699,216849,1120,1
TRUE,黑髮尤物,32650,11271,0.01078733,0.05197626,3026699,216849,1114,1
TRUE,Beast,24980,11125,0.008253216,0.05130298,3026699,216849,353,1
TRUE,七上八下,28680,11084,0.00947567,0.051113909,3026699,216849,1114,1
TRUE,大丈夫,27161,10626,0.008973803,0.04900184,3026699,216849,1618,1
FALSE,有人,20372,9915,0.006730765,0.045723061,3026699,216849,353,0
TRUE,愛無赦,18366,7944,0.006067997,0.036633787,3026699,216849,2174,1
FALSE,非賣品,17192,7139,0.005680116,0.032921526,3026699,216849,2171,0
FALSE,偏見,14611,6633,0.004827371,0.030588105,3026699,216849,1004,0
FALSE,怕什麼,13491,6373,0.004457331,0.029389114,3026699,216849,2178,0
FALSE,愈慢愈美麗,12586,5646,0.004158326,0.026036551,3026699,216849,1618,0
FALSE,降落傘,9106,4381,0.003008558,0.020202998,3026699,216849,1618,0
FALSE,桃花源,7919,4204,0.002616382,0.019386762,3026699,216849,2171,0
FALSE,派大星,9449,4122,0.003121883,0.019008619,3026699,216849,1114,0
FALSE,你快樂我內傷,7243,3432,0.002393036,0.015826681,3026699,216849,1618,0
FALSE,冷‧暴力,7905,3282,0.002611756,0.015134956,3026699,216849,2171,0
FALSE,熱冬,5757,2846,0.001902072,0.01312434,3026699,216849,1618,0
FALSE,我恨我愛你,7968,2777,0.002632571,0.012806146,3026699,216849,1004,0
FALSE,解散愛,5179,2606,0.001711105,0.012017579,3026699,216849,1114,0
FALSE,影舞者,4475,2377,0.001478508,0.010961545,3026699,216849,1618,0
FALSE,愛引力,3916,2304,0.001293819,0.010624905,3026699,216849,1618,0
FALSE,節拍器,5350,2127,0.001767602,0.009808669,3026699,216849,2171,0
FALSE,娘子漢,3818,1852,0.00126144,0.008540505,3026699,216849,1114,0
FALSE,我懷念的,4059,1707,0.001341065,0.007871837,3026699,216849,2133,0
FALSE,Let's move it,3605,1573,0.001191067,0.007253896,3026699,216849,2171,0
FALSE,害怕,4195,1561,0.001385998,0.007198558,3026699,216849,1004,0
FALSE,金三角,2986,1556,0.000986553,0.0071755,3026699,216849,2171,0
FALSE,普通朋友,3034,1404,0.001002412,0.006474551,3026699,216849,2133,0
FALSE,娘子軍,2790,1370,0.000921796,0.00631776,3026699,216849,1037,0
FALSE,吻我,2851,1279,0.00094195,0.005898113,3026699,216849,1765,0
FALSE,我喜歡,2967,1269,0.000980276,0.005851998,3026699,216849,1004,0
FALSE,我不能沒有你,2195,1103,0.000725213,0.005086489,3026699,216849,1765,0
FALSE,盡在不言中,2463,1102,0.000813758,0.005081877,3026699,216849,1774,0
FALSE,冷．暴力,1756,1080,0.00058017,0.004980424,3026699,216849,2133,0
FALSE,Hot-J Remix,2115,1072,0.000698781,0.004943532,3026699,216849,2173,0
FALSE,無神論,2009,987,0.000663759,0.004551554,3026699,216849,2133,0
FALSE,Missed Call,1993,970,0.000658473,0.004473159,3026699,216849,1114,0
FALSE,Let's Start The Dance,1965,861,0.000649222,0.003970505,3026699,216849,1114,0
FALSE,耍大牌,1850,843,0.000611227,0.003887498,3026699,216849,1646,0
FALSE,L'amour est parti,1701,826,0.000561998,0.003809102,3026699,216849,1114,0
FALSE,Secret Talk,1690,810,0.000558364,0.003735318,3026699,216849,1114,0
FALSE,讓讓,1360,733,0.000449334,0.003380232,3026699,216849,1646,0
FALSE,I Love You Too,1376,718,0.000454621,0.00331106,3026699,216849,1114,0
FALSE,冷．前言,941,533,0.0003109,0.002457932,3026699,216849,2171,0
FALSE,讓派對開始吧,869,403,0.000287111,0.001858436,3026699,216849,1765,0
FALSE,橘子醬女郎,756,373,0.000249777,0.001720091,3026699,216849,1765,0
FALSE,天使,793,360,0.000262002,0.001660141,3026699,216849,1765,0
FALSE,愛情傻瓜,704,339,0.000232597,0.0015633,3026699,216849,1765,0
FALSE,讓身體說話吧,689,317,0.000227641,0.001461847,3026699,216849,1774,0
FALSE,謝謝你,648,282,0.000214095,0.001300444,3026699,216849,1765,0
FALSE,黑管老師的女兒,500,263,0.000165196,0.001212826,3026699,216849,1765,0
FALSE,Marry Me Today,22,12,7.27E-06,5.53E-05,3026699,216849,101,0
FALSE,Run Run,13,10,4.30E-06,4.61E-05,3026699,216849,102,0
FALSE,Kiss Me,15,9,4.96E-06,4.15E-05,3026699,216849,103,0
FALSE,Qing Feng Di Shou,18,8,5.95E-06,3.69E-05,3026699,216849,96,0
FALSE,Shua Da Pai,9,7,2.97E-06,3.23E-05,3026699,216849,102,0
FALSE,Wu Niang,8,6,2.64E-06,2.77E-05,3026699,216849,102,0
FALSE,When You Say Nothing At All,8,6,2.64E-06,2.77E-05,3026699,216849,97,0
FALSE,Wei Wu Du Zun,14,6,4.63E-06,2.77E-05,3026699,216849,79,0
FALSE,Get The Party Started,10,6,3.30E-06,2.77E-05,3026699,216849,97,0
FALSE,Ting Shuo Ai Qing Hui Lai Guo,6,5,1.98E-06,2.31E-05,3026699,216849,97,0
FALSE,Physical,7,5,2.31E-06,2.31E-05,3026699,216849,103,0
FALSE,Lady Marmalade,11,5,3.63E-06,2.31E-05,3026699,216849,84,0
FALSE,Li Ren Jie,8,4,2.64E-06,1.84E-05,3026699,216849,97,0
FALSE,Ideal State,11,4,3.63E-06,1.84E-05,3026699,216849,96,0
FALSE,The Blower's Daughter,6,4,1.98E-06,1.84E-05,3026699,216849,94,0
FALSE,Lovefool,4,3,1.32E-06,1.38E-05,3026699,216849,99,0
FALSE,Jia Zhuang,4,3,1.32E-06,1.38E-05,3026699,216849,96,0
FALSE,Mu Zai Pu Ya Gan Qu,4,3,1.32E-06,1.38E-05,3026699,216849,96,0
FALSE,Sun will never set,5,3,1.65E-06,1.38E-05,3026699,216849,97,0
FALSE,Wan Mei,4,3,1.32E-06,1.38E-05,3026699,216849,102,0
FALSE,Bravo Lover,5,3,1.65E-06,1.38E-05,3026699,216849,97,0
FALSE,I Won't Last A Day Without You,6,3,1.98E-06,1.38E-05,3026699,216849,99,0
FALSE,Metronome,3,3,9.91E-07,1.38E-05,3026699,216849,79,0
FALSE,Agent J,5,3,1.65E-06,1.38E-05,3026699,216849,96,0
FALSE,Guai Guai Pai,3,3,9.91E-07,1.38E-05,3026699,216849,97,0
FALSE,J-Start Remix,9,2,2.97E-06,9.22E-06,3026699,216849,2173,0
FALSE,Priceless,4,2,1.32E-06,9.22E-06,3026699,216849,87,0
FALSE,Thank You,4,2,1.32E-06,9.22E-06,3026699,216849,93,0
FALSE,Huai Nian,2,2,6.61E-07,9.22E-06,3026699,216849,96,0
FALSE,Golden Triangle,2,2,6.61E-07,9.22E-06,3026699,216849,97,0
FALSE,Tacit Violence,2,2,6.61E-07,9.22E-06,3026699,216849,97,0
FALSE,Alone,2,2,6.61E-07,9.22E-06,3026699,216849,101,0
FALSE,Guan Xing Bei Pan,1,1,3.30E-07,4.61E-06,3026699,216849,96,0
FALSE,Ma De Li Bu Si Yi,2,1,6.61E-07,4.61E-06,3026699,216849,97,0
FALSE,Xin Xing Quan,1,1,3.30E-07,4.61E-06,3026699,216849,102,0
FALSE,Chun Chun Yu Dong,1,1,3.30E-07,4.61E-06,3026699,216849,72,0
FALSE,Fear-free,1,1,3.30E-07,4.61E-06,3026699,216849,0,0
FALSE,Zui Zhong Hua,3,1,9.91E-07,4.61E-06,3026699,216849,62,0
FALSE,Kai Chang Bai,1,1,3.30E-07,4.61E-06,3026699,216849,96,0
FALSE,Wu Niang 765 Tai Xuan Di Zhuan Acid House Mix,1,1,3.30E-07,4.61E-06,3026699,216849,72,0
FALSE,第三人稱,2675164,329412,0.213073279,0.698266268,12555136,471757,50,0
FALSE,Play我呸,1535902,246630,0.122332566,0.522790335,12555136,471757,64,0
FALSE,I'm Not Yours - feat.安室奈美惠NAMIE AMURO,942077,188010,0.075035189,0.398531447,12555136,471757,46,0
FALSE,不一樣又怎樣,913094,170111,0.072726731,0.360590304,12555136,471757,46,0
FALSE,美杜莎,824824,158353,0.065696142,0.335666455,12555136,471757,46,0
FALSE,自愛自受,546162,134088,0.043501082,0.284231077,12555136,471757,46,0
FALSE,電話皇后,493835,121273,0.039333306,0.257066668,12555136,471757,93,0
FALSE,唇語,407403,106052,0.032449111,0.224802176,12555136,471757,46,0
FALSE,第二性,382017,101879,0.030427149,0.21595652,12555136,471757,47,0
FALSE,Miss Trouble,325312,87468,0.025910671,0.185409014,12555136,471757,46,0
FALSE,旅程,70268,23428,0.005596753,0.04966116,12555136,471757,474,0
FALSE,萬花瞳,69943,22061,0.005570868,0.046763482,12555136,471757,201,0
FALSE,冷暴力,3186,1289,0.000253761,0.002732339,12555136,471757,383,0
FALSE,Myself,273,152,2.17E-05,0.0003222,12555136,471757,423,0
FALSE,The Great Artist,176,82,1.40E-05,0.000173818,12555136,471757,132,0
FALSE,I,68,40,5.42E-06,8.48E-05,12555136,471757,132,0
FALSE,Mosaic,64,36,5.10E-06,7.63E-05,12555136,471757,132,0
FALSE,Spying On You Behind The Fence,58,30,4.62E-06,6.36E-05,12555136,471757,132,0
FALSE,Color Photos,52,28,4.14E-06,5.94E-05,12555136,471757,132,0
FALSE,Friday The 13th,38,27,3.03E-06,5.72E-05,12555136,471757,132,0
FALSE,Fantasy,35,25,2.79E-06,5.30E-05,12555136,471757,132,0
FALSE,Someone,33,23,2.63E-06,4.88E-05,12555136,471757,132,0
FALSE,Wandering Poet,30,22,2.39E-06,4.66E-05,12555136,471757,132,0
